Unnamed: 0,Company,CIK,Revenue,NetIncome,Assets,Liabilities,Cash,Risk Level,Data_Completeness
1,AMAZON COM INC,1018724,302.89400000000103,48.450000000000486,800.320000000001,9.445,40.35200000000017,Low Risk,80.0
2,Walmart Inc.,104169,302.89400000000103,21.89,284.67,9.445,10.73,Low Risk,80.0
3,UNITEDHEALTH GROUP INC,731766,302.89400000000103,12.06,309.58,207.88,24.36,Medium Risk,100.0
4,Alphabet Inc.,1652044,302.89400000000103,48.450000000000486,595.28,180.02,30.71,Low Risk,100.0
5,CVS HEALTH Corp,64803,302.89400000000103,1.77,253.54,178.16,8.45,Medium Risk,100.0
6,BERKSHIRE HATHAWAY INC,1067983,302.89400000000103,48.450000000000486,800.320000000001,502.47,31.58,Low Risk,100.0
7,EXXON MOBIL CORP,34088,302.89400000000103,28.84,448.98,182.35,10.68,Low Risk,100.0
8,"Cencora, Inc.",1140859,302.89400000000103,1.55,76.59,9.445,4.36,Low Risk,80.0
9,COSTCO WHOLESALE CORP /NEW,909832,275.24,8.1,77.1,47.94,14.16,Medium Risk,100.0
10,Cigna Group,1739940,274.9,5.96,157.92,116.05,7.68,Medium Risk,100.0
11,Apple Inc.,320193,265.6,48.450000000000486,359.24,285.51,35.93,Medium Risk,100.0
12,CARDINAL HEALTH INC,721371,222.58,1.56,53.12,9.445,3.87,Low Risk,80.0
13,NVIDIA CORP,1045810,215.94,48.450000000000486,206.8,49.51,10.61,Low Risk,100.0
14,"Elevance Health, Inc.",1156039,199.12,5.66,121.49,77.47,9.49,Medium Risk,100.0
15,CENTENE CORP,1071739,194.78,-2.9459999999999997,76.75,56.69,17.89,Medium Risk,100.0
16,CHEVRON CORP,93410,189.03,12.3,324.01,131.84,8.18,Low Risk,100.0
17,General Motors Co,1467858,185.02,2.7,281.28,218.12,20.95,Medium Risk,100.0
18,FORD MOTOR CO,37996,184.99,5.88,289.16,253.18,23.36,High Risk,100.0
19,JPMORGAN CHASE & CO,19617,182.45,48.450000000000486,800.320000000001,680.4260000000021,40.35200000000017,High Risk,100.0
20,KROGER CO,56873,147.12,2.67,52.62,44.34,3.96,High Risk,100.0
21,VERIZON COMMUNICATIONS INC,732712,138.19,17.17,404.26,9.445,19.05,Low Risk,80.0
22,Phillips 66,1534701,132.38,4.4,73.68,43.44,1.12,Medium Risk,100.0
23,HUMANA INC,49071,129.66,1.19,48.91,31.17,4.2,Medium Risk,100.0
24,AT&T INC.,732717,125.65,21.95,420.2,279.03,18.23,Medium Risk,100.0
25,COMCAST CORP,1166691,121.57,20.0,272.63,9.445,9.48,Low Risk,80.0
26,BANK OF AMERICA CORP /DE/,70858,113.1,30.51,800.320000000001,680.4260000000021,40.35200000000017,High Risk,100.0
27,MCKESSON CORP,927653,112.08,3.29,75.14,9.445,5.69,Low Risk,80.0
28,Dell Technologies Inc.,1571996,95.57,4.59,79.75,81.13,3.63,High Risk,100.0
29,"Tesla, Inc.",1318605,94.83,3.79,137.81,54.94,16.51,Low Risk,100.0
30,Walt Disney Co,1744489,94.42,12.4,197.51,9.445,5.7,Low Risk,80.0
31,JOHNSON & JOHNSON,200406,94.19,26.8,199.21,117.67,19.71,Medium Risk,100.0
32,PEPSICO INC,77476,93.92,8.24,107.4,86.85,9.16,High Risk,100.0
33,BOEING CO,12927,89.46,2.23,168.24,162.78,10.92,High Risk,100.0
34,PROGRESSIVE CORP/OH/,80661,87.67,11.31,123.04,92.72,0.3725,Medium Risk,80.0
35,Energy Transfer LP,1276187,85.54,4.43,141.29,9.445,1.27,Low Risk,80.0
36,CITIGROUP INC,831001,85.22,14.31,800.320000000001,680.4260000000021,40.35200000000017,High Risk,100.0
37,WELLS FARGO & COMPANY/MN,72971,85.06,21.34,800.320000000001,680.4260000000021,0.3725,High Risk,80.0
38,PROCTER & GAMBLE Co,80424,84.28,15.97,125.23,72.95,4.24,Medium Risk,100.0
39,LOWES COMPANIES INC,60667,83.67,6.96,43.1,57.33,1.76,High Risk,100.0
40,SYSCO CORP,96021,81.37,1.83,26.77,9.445,1.07,Low Risk,80.0
41,RTX Corp,101829,80.74,6.73,171.08,103.94,7.43,Medium Risk,100.0
42,Archer-Daniels-Midland Co,7084,80.27,1.08,52.39,9.445,1.01,Low Risk,80.0
43,METLIFE INC,1099219,77.08,3.38,745.17,680.4260000000021,22.03,High Risk,100.0
44,"HCA Healthcare, Inc.",860730,75.6,6.78,60.72,45.62,1.04,Medium Risk,100.0
45,LOCKHEED MARTIN CORP,936468,75.05,5.02,59.84,53.12,4.12,High Risk,100.0
46,TARGET CORP,27419,72.62,3.71,59.49,9.445,0.3725,Low Risk,60.0
47,Bunge Global SA,1996862,70.33,0.82,44.53,9.445,1.14,Low Risk,80.0
48,Accenture plc,1467373,69.67,7.68,65.39,9.445,11.48,Low Risk,80.0
49,ALLSTATE CORP,899051,67.69,10.28,119.76,89.17,0.3725,Medium Risk,80.0
50,CATERPILLAR INC,18230,67.59,2.7,98.58,77.27,9.98,Medium Risk,100.0
51,INTERNATIONAL BUSINESS MACHINES CORP,51143,67.53,10.59,151.88,119.14,13.59,Medium Risk,100.0
52,"HOME DEPOT, INC.",354950,66.18,14.81,96.12,89.48,1.66,High Risk,100.0
53,UNITED PARCEL SERVICE INC,1090727,65.87,5.57,73.09,9.445,5.89,Low Risk,80.0
54,FEDEX CORP,1048911,65.45,4.09,87.63,9.445,5.5,Low Risk,80.0
55,ELI LILLY & Co,59478,65.18,20.64,112.48,9.445,7.27,Low Risk,80.0
56,"Merck & Co., Inc.",310158,65.01,18.25,136.87,9.445,14.56,Low Risk,80.0
57,PFIZER INC,78003,62.58,7.77,208.16,121.39,1.14,Medium Risk,100.0
58,MICROSOFT CORP,789019,62.48,48.450000000000486,619.0,275.52,30.24,Low Risk,100.0
59,AbbVie Inc.,1551152,61.16,4.23,133.96,9.445,5.23,Low Risk,80.0
60,PRUDENTIAL FINANCIAL INC,1137774,60.77,3.58,773.74,680.4260000000021,19.71,High Risk,100.0
61,Chubb Ltd,896159,59.4,10.31,272.33,192.55,2.01,Medium Risk,100.0
62,CONOCOPHILLIPS,1163165,58.94,7.99,121.94,57.45,6.5,Low Risk,100.0
63,ORACLE CORP,1341439,57.4,12.44,168.36,9.445,10.79,Low Risk,80.0
64,HP INC,47217,55.3,2.53,41.77,9.445,3.69,Low Risk,80.0
65,"CHARTER COMMUNICATIONS, INC. /MO/",1091667,54.77,4.99,154.21,9.445,0.48,Low Risk,80.0
66,"TYSON FOODS, INC.",100493,54.44,0.47,36.66,9.445,1.23,Low Risk,80.0
67,CAPITAL ONE FINANCIAL CORP,927628,53.43,2.45,669.01,555.39,0.3725,High Risk,80.0
68,INTEL CORP,50863,52.85,-0.27,211.43,9.445,14.27,Low Risk,80.0
69,ENTERPRISE PRODUCTS PARTNERS L.P.,1061219,52.6,5.81,77.9,9.445,0.97,Low Risk,80.0
70,GENERAL DYNAMICS CORP,40533,52.55,4.21,57.25,9.445,2.33,Low Risk,80.0
71,"Uber Technologies, Inc",1543151,52.02,10.05,61.8,33.72,7.11,Medium Risk,100.0
72,"CISCO SYSTEMS, INC.",858877,49.33,10.18,122.29,75.45,8.35,Medium Risk,100.0
73,"TRAVELERS COMPANIES, INC.",86312,48.83,6.29,143.71,110.81,0.3725,Medium Risk,80.0
74,BRISTOL MYERS SQUIBB CO,14272,48.19,7.05,90.04,71.53,10.21,Medium Risk,100.0
75,COCA COLA CO,21344,47.94,13.11,104.82,9.445,10.27,Low Risk,80.0
76,"NIKE, Inc.",320187,46.31,3.22,36.58,9.445,7.46,Low Risk,80.0
77,GENERAL ELECTRIC CO,40545,45.85,8.7,130.17,111.27,40.35200000000017,High Risk,100.0
78,DEERE & CO,315189,45.68,5.03,106.0,79.99,8.28,Medium Risk,100.0
79,NETFLIX INC,1065280,45.18,10.98,55.6,28.98,9.03,Medium Risk,100.0
80,ABBOTT LABORATORIES,1800,44.33,6.52,86.71,9.445,8.52,Low Risk,80.0
81,QUALCOMM INC/DE,804328,44.28,5.54,50.14,28.94,5.52,Medium Risk,100.0
82,PLAINS ALL AMERICAN PIPELINE LP,1070423,44.26,1.44,30.17,9.13,0.33,Low Risk,100.0
83,NORTHROP GRUMMAN CORP /DE/,1133421,41.95,4.18,51.38,34.7,4.4,Medium Risk,100.0
84,BEST BUY CO INC,764478,41.53,0.93,14.78,9.445,1.58,Low Risk,80.0
85,"Meta Platforms, Inc.",1326801,40.65,48.450000000000486,366.02,148.78,35.87,Low Risk,100.0
86,Philip Morris International Inc.,1413329,40.65,11.35,69.19,77.21,4.87,High Risk,100.0
87,DOLLAR GENERAL CORP,29534,40.61,1.13,31.13,9.445,0.93,Low Risk,80.0
88,"T-Mobile US, Inc.",1283699,40.6,10.99,219.24,6.83,5.6,Low Risk,100.0
89,"CBRE GROUP, INC.",1138118,40.55,1.16,30.88,21.25,1.86,Medium Risk,100.0
90,DOW INC.,1751788,39.97,0.98,58.54,9.445,3.82,Low Risk,60.0
91,US Foods Holding Corp.,1665918,39.42,0.68,13.94,9.64,0.04,Medium Risk,100.0
92,"Mondelez International, Inc.",1103982,38.54,2.45,71.49,45.6,4.47,Medium Risk,100.0
93,GE Vernova Inc.,1996810,38.07,4.88,63.02,50.72,0.3725,High Risk,80.0
94,"United Airlines Holdings, Inc.",100517,37.74,3.35,76.45,9.445,5.94,Low Risk,80.0
95,CRH PUBLIC LTD CO,849395,37.45,3.75,58.33,32.85,4.1,Medium Risk,100.0
96,STARBUCKS CORP,829224,37.18,1.86,32.02,40.11,6.46,High Risk,100.0
97,HONEYWELL INTERNATIONAL INC,773840,36.53,4.73,73.68,9.445,12.49,Low Risk,80.0
98,ADVANCED MICRO DEVICES INC,2488,34.64,4.33,76.93,9.445,5.54,Low Risk,80.0
99,"Coupang, Inc.",1834584,34.53,0.21,17.79,13.16,6.32,Medium Risk,100.0
100,Hewlett Packard Enterprise Co,1645590,34.3,0.06,75.91,14.28,5.77,Low Risk,100.0
101,MORGAN STANLEY,895421,34.27,16.86,800.320000000001,680.4260000000021,40.35200000000017,High Risk,100.0
102,HORTON D R INC /DE/,882184,34.25,3.59,35.47,10.73,2.99,Low Risk,100.0
103,LENNAR CORP /NEW/,920760,34.19,2.08,34.43,12.29,3.76,Low Risk,100.0
104,LINDE PLC,1707925,33.99,6.9,86.82,47.08,5.06,Medium Risk,100.0
105,CUMMINS INC,26172,33.67,1.04,33.99,20.58,2.1,Medium Risk,100.0
106,Medtronic plc,1613103,33.54,4.66,91.68,43.42,2.22,Low Risk,100.0
107,"PayPal Holdings, Inc.",1633917,33.17,5.23,80.17,59.92,8.05,Medium Risk,100.0
108,Mastercard Inc,1141391,32.79,3.12,54.16,46.41,10.57,High Risk,100.0
109,"Apollo Global Management, Inc.",1858681,32.05,3.49,460.95,418.43,8.98,High Risk,100.0
110,Smurfit Westrock plc,2005951,31.18,0.7,45.16,26.8,0.89,Medium Risk,100.0
111,Marathon Petroleum Corp,1510295,31.09,4.05,83.95,59.87,3.67,Medium Risk,100.0
112,Ferguson Enterprises Inc. /DE/,2011641,30.76,1.86,17.73,11.9,0.67,Medium Risk,100.0
113,"NRG ENERGY, INC.",1013871,30.71,0.86,29.14,27.46,4.71,High Risk,100.0
114,SLB LIMITED/NV,87347,30.44,3.37,54.87,27.58,3.13,Medium Risk,100.0
115,MICRON TECHNOLOGY INC,723125,30.39,8.54,82.8,28.63,9.64,Low Risk,100.0
116,LyondellBasell Industries N.V.,1489393,30.15,3.4,34.0,9.445,3.44,Low Risk,80.0
117,SOUTHERN CO,92122,29.55,4.34,155.72,116.85,1.64,Medium Risk,100.0
118,TJX COMPANIES INC /DE/,109198,29.08,4.86,31.75,9.445,5.33,Low Risk,80.0
119,MERCADOLIBRE INC,1099590,28.89,2.0,42.67,35.92,3.67,High Risk,100.0
120,FLEX LTD.,866374,28.68,0.84,18.38,13.38,2.29,Medium Risk,100.0
121,US BANCORP DE,36104,28.66,7.57,692.35,626.69,8.25,High Risk,100.0
122,"QUANTA SERVICES, INC.",1050915,28.48,1.03,24.93,15.9,0.44,Medium Risk,100.0
123,PACCAR INC,75362,28.44,2.38,44.34,9.445,3.44,Low Risk,80.0
124,Medline Inc.,2046386,28.43,1.16,38.48,19.2,1.94,Low Risk,100.0
125,"HARTFORD INSURANCE GROUP, INC.",874766,28.37,3.84,86.0,67.02,0.3725,Medium Risk,80.0
126,AMERICAN EXPRESS CO,4962,27.82,10.83,300.05,266.58,0.65,High Risk,100.0
127,Baker Hughes Co,1701605,27.73,2.59,40.88,9.445,7.02,Low Risk,80.0
128,"MARSH & MCLENNAN COMPANIES, INC.",62709,26.98,4.16,58.71,9.445,2.69,Low Risk,80.0
129,Booking Holdings Inc.,1075531,26.92,0.29,29.26,34.84,17.2,High Risk,100.0
130,MCDONALDS CORP,63908,26.89,8.56,59.52,9.445,0.77,Low Risk,80.0
131,HF Sinclair Corp,1915657,26.87,0.58,16.51,7.26,0.98,Low Risk,100.0
132,"AMERICAN INTERNATIONAL GROUP, INC.",5272,26.77,3.1,161.25,120.09,0.3725,Medium Risk,80.0
133,MARRIOTT INTERNATIONAL INC /MD/,1048286,26.19,2.6,27.54,9.445,0.36,Low Risk,80.0
134,JONES LANG LASALLE INC,1037976,26.12,0.79,17.8,10.18,0.6,Medium Risk,100.0
135,FREEPORT-MCMORAN INC,831259,25.91,0.98,58.17,27.4,3.82,Low Risk,80.0
136,Constellation Energy Corp,1868275,25.53,2.32,57.25,42.4,3.64,Medium Risk,100.0
137,AMGEN INC,318154,25.42,7.71,90.59,9.445,9.13,Low Risk,80.0
138,JABIL INC,898293,25.28,0.66,18.54,17.03,1.93,High Risk,100.0
139,Sunoco LP,1552275,25.2,0.53,28.36,20.35,0.89,Medium Risk,100.0
140,"Live Nation Entertainment, Inc.",1335258,25.2,0.5,22.91,9.445,7.09,Low Risk,80.0
141,STRYKER CORP,310764,25.12,3.25,47.84,25.42,4.01,Medium Risk,100.0
142,NUCOR CORP,73309,25.07,1.74,35.1,12.98,2.26,Low Risk,100.0
143,3M CO,66740,24.95,3.25,37.73,32.99,2.4,High Risk,100.0
144,PG&E Corp,1004980,24.93,1.22,141.61,9.445,0.71,Low Risk,80.0
145,"GILEAD SCIENCES, INC.",882095,24.69,8.51,59.02,9.445,5.41,Low Risk,80.0
146,EMERSON ELECTRIC CO,32604,24.41,2.29,41.96,9.445,2.35,Low Risk,80.0
147,GENUINE PARTS CO,40987,24.3,0.07,20.8,9.445,0.33,Low Risk,80.0
148,EXELON CORP,1109357,24.26,1.17,116.57,87.77,0.63,Medium Risk,100.0
149,"Block, Inc.",1512673,24.19,1.31,39.55,17.38,6.56,Low Risk,100.0
150,SCHWAB CHARLES CORP,316709,23.92,8.85,491.0,441.57,40.35200000000017,High Risk,100.0
151,ADOBE INC.,796343,23.77,7.13,29.5,17.87,5.43,Medium Risk,100.0
152,REINSURANCE GROUP OF AMERICA INC,898174,23.7,1.18,156.59,143.04,4.17,High Risk,100.0
153,INTERNATIONAL PAPER CO /NEW/,51434,23.63,-2.9459999999999997,37.96,9.445,1.15,Low Risk,80.0
154,"ALTRIA GROUP, INC.",764180,23.28,6.95,35.02,38.47,4.47,High Risk,100.0
155,"PNC FINANCIAL SERVICES GROUP, INC.",713676,23.1,0.98,573.57,512.94,0.3725,High Risk,60.0
156,AMPHENOL CORP /DE/,820313,23.09,4.27,36.24,22.73,11.13,Medium Risk,100.0
157,EOG RESOURCES INC,821189,22.63,4.98,51.8,9.445,3.4,Low Risk,80.0
158,ONEOK INC /NEW/,1039684,22.39,3.39,66.64,9.445,0.08,Low Risk,80.0
159,STEEL DYNAMICS INC,1022671,22.26,1.19,16.42,7.49,0.77,Low Risk,100.0
160,AMERICAN ELECTRIC POWER CO INC,4904,21.88,1.48,114.46,82.2,0.2,Medium Risk,100.0
161,VISA INC.,1403161,21.85,20.06,99.63,61.72,17.16,Medium Risk,100.0
162,BECTON DICKINSON & CO,10795,21.84,1.68,55.33,9.445,0.64,Low Risk,80.0
163,CARRIER GLOBAL Corp,1783180,21.75,1.48,37.19,23.06,1.55,Medium Risk,100.0
164,"BJ's Wholesale Club Holdings, Inc.",1531152,21.46,0.58,7.51,5.31,0.05,Medium Risk,100.0
165,FISERV INC,798354,21.19,3.48,80.13,54.32,0.8,Medium Risk,100.0
166,"ROSS STORES, INC.",745732,21.13,2.09,14.91,9.445,4.73,Low Risk,80.0
167,COGNIZANT TECHNOLOGY SOLUTIONS CORP,1058290,21.11,2.23,20.69,5.68,1.9,Low Risk,100.0
168,THERMO FISHER SCIENTIFIC INC.,97745,20.92,6.7,110.34,9.445,9.85,Low Risk,80.0
169,Broadcom Inc.,1730168,20.85,5.89,171.09,89.8,16.18,Medium Risk,100.0
170,GE HealthCare Technologies Inc.,1932393,20.62,2.08,36.91,26.31,4.49,Medium Risk,100.0
171,AUTOMATIC DATA PROCESSING INC,8670,20.56,4.08,53.37,47.18,3.35,High Risk,100.0
172,"DuPont de Nemours, Inc.",1666700,20.4,-0.78,21.57,7.47,0.71,Low Risk,100.0
173,Aptiv PLC,1521332,20.4,0.17,23.41,13.91,1.85,Medium Risk,100.0
174,CARVANA CO.,1690820,20.32,1.41,13.2,9.0,2.33,Medium Risk,100.0
175,Bank of New York Mellon Corp,1390777,20.08,5.55,472.3,427.49,5.11,High Risk,100.0
176,TD SYNNEX CORP,1177394,20.05,0.83,34.25,25.8,2.44,Medium Risk,100.0
177,"Cheniere Energy, Inc.",3570,19.98,5.33,47.88,34.8,1.1,Medium Risk,100.0
178,ARCH CAPITAL GROUP LTD.,947484,19.93,4.4,79.24,55.03,0.99,Medium Risk,100.0
179,DANAHER CORP /DE/,313616,19.89,3.61,83.46,8.44,19.91,Low Risk,100.0
180,Duke Energy CORP,1326160,19.62,4.97,195.74,9.445,0.24,Low Risk,80.0
181,UNION PACIFIC CORP,100885,19.53,7.14,69.7,51.23,1.27,Medium Risk,100.0
182,KKR & Co. Inc.,1404912,19.46,2.37,410.14,328.51,5.36,High Risk,100.0
183,EDISON INTERNATIONAL,827052,19.32,4.46,94.03,74.77,0.16,Medium Risk,100.0
184,"Moderna, Inc.",1682852,19.26,-2.82,12.34,3.69,2.6,Low Risk,100.0
185,"REPUBLIC SERVICES, INC.",1060391,19.03,2.14,34.37,9.445,0.08,Low Risk,80.0
186,AUTOZONE INC,866787,18.94,2.5,19.36,9.445,0.27,Low Risk,80.0
187,AMERIPRISE FINANCIAL INC,820027,18.91,3.56,190.9,184.35,2.32,High Risk,100.0
188,CARNIVAL CORP,815097,18.88,2.76,51.69,9.445,1.93,Low Risk,80.0
189,INTUIT INC.,896878,18.83,3.87,36.96,17.25,2.88,Low Risk,100.0
190,TENET HEALTHCARE CORP,70318,18.48,1.12,29.68,20.7,2.88,Medium Risk,100.0
191,"Corebridge Financial, Inc.",1889539,18.48,-0.37,413.55,399.59,0.3725,High Risk,80.0
192,LOEWS CORP,60086,18.45,1.67,86.35,66.71,0.3725,Medium Risk,80.0
193,CNH Industrial N.V.,1567094,18.09,0.51,42.75,34.92,2.58,High Risk,100.0
194,HALLIBURTON CO,45012,17.97,1.28,25.01,14.51,2.21,Medium Risk,100.0
195,"W.W. GRAINGER, INC.",277135,17.94,1.71,8.96,9.445,0.58,Low Risk,80.0
196,EBAY INC,1065088,17.9,2.03,17.61,12.99,1.87,Medium Risk,100.0
197,SHERWIN WILLIAMS CO,89800,17.9,2.57,25.9,9.445,0.21,Low Risk,80.0
198,O REILLY AUTOMOTIVE INC,898173,17.78,2.54,16.54,9.445,0.19,Low Risk,80.0
199,Vistra Corp.,1692819,17.74,0.94,41.55,36.44,0.79,High Risk,100.0
200,TEXAS INSTRUMENTS INC,97476,17.68,5.0,34.59,18.31,3.23,Medium Risk,100.0
201,Performance Food Group Co,1618673,17.62,0.34,17.88,13.41,0.3725,Medium Risk,80.0
202,"DOLLAR TREE, INC.",935703,17.58,-2.9459999999999997,18.64,14.67,1.26,Medium Risk,100.0
203,"EVEREST GROUP, LTD.",1095073,17.5,1.59,62.51,47.05,0.66,Medium Risk,100.0
204,"Corteva, Inc.",1755672,17.4,1.09,42.84,9.445,4.52,Low Risk,80.0
205,UNIVERSAL HEALTH SERVICES INC,352915,17.36,1.49,15.53,9.445,0.14,Low Risk,80.0
206,OMNICOM GROUP INC.,29989,17.27,-0.05,54.42,9.445,5.32,Low Risk,80.0
207,TE Connectivity plc,1385157,17.26,1.84,25.08,12.35,1.25,Low Risk,100.0
208,DEVON ENERGY CORP/DE,1090012,17.19,2.64,31.6,9.445,1.38,Low Risk,80.0
209,"Leidos Holdings, Inc.",1336920,17.17,1.45,13.49,8.53,1.11,Medium Risk,100.0
210,AFLAC INC,4977,17.16,3.65,116.47,86.98,6.25,Medium Risk,100.0
211,Targa Resources Corp.,1389170,17.03,1.92,25.22,9.445,0.17,Low Risk,80.0
212,"EMCOR Group, Inc.",105634,16.99,1.27,9.29,5.62,1.11,Medium Risk,100.0
213,LPL Financial Holdings Inc.,1397911,16.99,0.86,18.49,13.15,1.04,Medium Risk,100.0
214,"KINDER MORGAN, INC.",1506307,16.94,3.06,72.75,40.3,0.06,Medium Risk,100.0
215,CONSOLIDATED EDISON INC,1047862,16.92,2.02,74.6,9.445,1.63,Low Risk,80.0
216,Keurig Dr Pepper Inc.,1418135,16.6,2.08,55.46,29.94,1.03,Medium Risk,100.0
217,"DOMINION ENERGY, INC",715957,16.51,3.0,115.86,82.44,0.25,Medium Risk,100.0
218,KIMBERLY CLARK CORP,55785,16.45,2.02,17.1,9.445,0.69,Low Risk,80.0
219,AECOM,868857,16.14,0.56,12.2,9.5,1.59,Medium Risk,100.0
220,"UNITED RENTALS, INC.",1067701,16.1,2.49,29.87,20.9,0.46,Medium Risk,100.0
221,ECOLAB INC.,31462,16.08,2.08,24.7,14.89,0.65,Medium Risk,100.0
222,CASEYS GENERAL STORES INC,726958,15.94,0.55,8.21,4.7,0.33,Medium Risk,100.0
223,RAYMOND JAMES FINANCIAL INC,720005,15.91,2.13,88.23,75.73,11.39,High Risk,100.0
224,CORNING INC /NY,24741,15.63,1.6,30.98,18.67,1.53,Medium Risk,100.0
225,PRINCIPAL FINANCIAL GROUP INC,1126328,15.63,1.19,341.38,328.99,4.43,High Risk,100.0
226,TRACTOR SUPPLY CO /DE/,916365,15.52,1.1,10.93,8.35,0.19,Medium Risk,100.0
227,MARKEL GROUP INC.,1096343,15.51,2.11,68.91,49.8,3.96,Medium Risk,100.0
228,COLGATE PALMOLIVE CO,21665,15.45,2.13,16.33,15.96,1.29,High Risk,100.0
229,"Builders FirstSource, Inc.",1316835,15.19,0.44,11.24,6.89,0.18,Medium Risk,100.0
230,"STANLEY BLACK & DECKER, INC.",93556,15.13,0.4,21.24,9.445,0.28,Low Risk,80.0
231,Kenvue Inc.,1944048,15.12,1.47,27.08,16.31,1.06,Medium Risk,100.0
232,PPG INDUSTRIES INC,79879,15.11,1.58,22.1,14.0,2.16,Medium Risk,100.0
233,FIRSTENERGY CORP,1031296,15.09,1.02,55.9,41.98,0.06,Medium Risk,100.0
234,"Diamondback Energy, Inc.",1539838,15.03,1.66,71.06,28.09,0.1,Low Risk,100.0
235,EchoStar CORP,1415404,15.0,-2.9459999999999997,43.02,37.2,1.88,High Risk,100.0
236,CNA FINANCIAL CORP,21175,14.99,1.28,69.44,57.82,0.3725,High Risk,80.0
237,JACOBS SOLUTIONS INC.,52988,14.98,0.29,11.25,9.445,1.24,Low Risk,80.0
238,Fox Corp,1754301,14.91,0.98,23.2,9.445,0.3725,Low Risk,40.0
239,"C. H. ROBINSON WORLDWIDE, INC.",1043277,14.87,0.59,5.06,3.21,0.16,Medium Risk,100.0
240,"RELIANCE, INC.",861884,14.81,0.74,10.37,3.19,0.22,Low Risk,100.0
241,TEXTRON INC,217346,14.8,0.92,18.13,10.25,1.26,Medium Risk,100.0
242,Trane Technologies plc,1466258,14.78,2.92,21.42,12.82,1.76,Medium Risk,100.0
243,ILLINOIS TOOL WORKS INC,49826,14.77,0.98,16.15,9.445,0.85,Low Risk,60.0
244,"Expedia Group, Inc.",1324424,14.73,1.29,24.45,9.445,5.41,Low Risk,80.0
245,BERKLEY W R CORP,11544,14.71,1.78,44.07,34.36,2.54,Medium Risk,100.0
246,APPLIED MATERIALS INC /DE,6951,14.61,7.0,36.3,15.88,7.24,Low Risk,100.0
247,Aramark,1584509,14.6,0.33,13.3,9.445,0.64,Low Risk,80.0
248,WASTE MANAGEMENT INC,823768,14.48,2.71,45.84,35.84,0.2,Medium Risk,100.0
249,"Fidelity National Financial, Inc.",1331875,14.45,0.6,109.01,100.04,2.64,High Risk,100.0
250,Blackstone Inc.,1393818,14.45,3.02,47.71,25.83,2.63,Medium Risk,100.0
251,Otis Worldwide Corp,1781335,14.43,1.38,10.65,15.92,1.1,High Risk,100.0
252,ESTEE LAUDER COMPANIES INC,1001250,14.33,0.68,19.89,8.74,2.18,Low Risk,100.0
253,BORGWARNER INC,908255,14.32,0.28,13.77,8.15,1.84,Medium Risk,100.0
254,MASTEC INC,15615,14.3,0.4,9.92,6.59,0.4,Medium Risk,100.0
255,Parker-Hannifin Corp,76334,14.3,2.84,29.49,15.8,0.47,Medium Risk,100.0
256,Viatris Inc,1792044,14.3,0.0,37.19,22.48,1.32,Medium Risk,100.0
257,NEXTERA ENERGY INC,753308,14.26,6.83,212.72,146.24,2.81,Medium Risk,100.0
258,LABCORP HOLDINGS INC.,920148,13.95,0.88,18.39,9.76,0.53,Medium Risk,100.0
259,STATE STREET CORP,93751,13.94,2.94,366.05,338.21,0.3725,High Risk,80.0
260,"Venture Global, Inc.",2007855,13.77,0.98,53.45,41.45,2.35,Medium Risk,80.0
261,"DoorDash, Inc.",1792789,13.72,0.94,19.66,9.61,4.38,Low Risk,100.0
262,SEMPRA,1032208,13.7,1.84,110.88,9.445,0.03,Low Risk,80.0
263,DAVITA INC.,927066,13.64,0.75,17.48,16.32,0.68,High Risk,100.0
264,EVERSOURCE ENERGY,72741,13.55,-0.43,63.79,9.445,0.14,Low Risk,80.0
265,"DICK'S SPORTING GOODS, INC.",1089063,13.44,0.18,10.46,9.445,1.69,Low Risk,80.0
266,Unum Group,5513,13.08,0.74,63.52,52.4,0.3725,High Risk,80.0
267,LAS VEGAS SANDS CORP,1300514,13.02,1.63,21.92,19.99,3.84,High Risk,100.0
268,MPLX LP,1552000,13.0,3.93,43.01,28.48,2.14,Medium Risk,100.0
269,ENTERGY CORP /DE/,65984,12.95,2.36,71.89,9.445,1.93,Low Risk,80.0
270,RENAISSANCERE HOLDINGS LTD,913144,12.85,2.68,53.8,34.59,1.73,Medium Risk,100.0
271,Alcoa Corp,1675149,12.83,1.16,16.13,9.94,1.6,Medium Risk,100.0
272,"ASSURANT, INC.",1267238,12.81,0.87,36.29,30.42,1.83,High Risk,100.0
273,"BlackRock, Inc.",2012383,12.79,5.55,170.0,108.46,11.47,Medium Risk,100.0
274,CINCINNATI FINANCIAL CORP,20286,12.63,2.39,41.0,25.09,1.14,Medium Risk,100.0
275,DTE ENERGY CO,936340,12.61,1.46,54.07,9.445,0.21,Low Risk,80.0
276,"HUNTINGTON INGALLS INDUSTRIES, INC.",1501585,12.48,0.6,12.75,7.68,0.63,Medium Risk,100.0
277,CELESTICA INC,1030894,12.39,0.83,7.21,5.0,0.6,Medium Risk,100.0
278,NXP Semiconductors N.V.,1413447,12.27,2.02,26.56,9.445,3.27,Low Risk,80.0
279,Paramount Skydance Corp,2041610,12.27,-0.59,43.34,9.445,3.27,Low Risk,80.0
280,"Airbnb, Inc.",1559720,12.24,2.51,22.21,14.01,6.56,Medium Risk,100.0
281,AES CORP,874761,12.23,0.91,51.77,9.445,1.38,Low Risk,80.0
282,PUBLIC SERVICE ENTERPRISE GROUP INC,788784,12.17,2.11,57.58,9.445,0.13,Low Risk,80.0
283,KLA CORP,319201,12.16,4.06,16.07,11.38,2.08,Medium Risk,100.0
284,EXPAND ENERGY Corp,895126,12.12,1.82,28.29,9.71,0.62,Low Risk,100.0
285,DARDEN RESTAURANTS INC,940944,12.08,1.05,12.59,10.28,0.24,High Risk,100.0
286,"Air Products & Chemicals, Inc.",2969,12.04,-0.39,41.06,23.71,1.86,Medium Risk,100.0
287,Hilton Worldwide Holdings Inc.,1585689,12.04,1.46,16.77,22.12,0.92,High Risk,100.0
288,Booz Allen Hamilton Holding Corp,1443646,11.98,0.94,7.31,6.31,0.89,High Risk,100.0
289,"WILLIAMS COMPANIES, INC.",107263,11.95,2.62,58.57,9.445,0.15,Low Risk,80.0
290,CHIPOTLE MEXICAN GRILL INC,1058090,11.93,1.54,8.99,6.16,0.35,Medium Risk,100.0
291,"Chewy, Inc.",1766502,11.86,0.39,3.01,2.75,0.6,High Risk,100.0
292,Amrize Ltd,2035989,11.81,1.19,24.25,10.99,1.92,Low Risk,100.0
293,"Yum China Holdings, Inc.",1673358,11.8,0.93,10.78,4.68,0.51,Low Risk,100.0
294,"Equitable Holdings, Inc.",1333986,11.66,-1.38,317.99,316.2,12.46,High Risk,100.0
295,"CROWN HOLDINGS, INC.",1219601,11.66,0.74,14.27,9.445,0.76,Low Risk,80.0
296,SHOPIFY INC.,1594805,11.56,1.23,15.19,9.445,1.54,Low Risk,80.0
297,XCEL ENERGY INC,72903,11.54,2.02,81.37,9.445,0.13,Low Risk,80.0
298,"Ulta Beauty, Inc.",1403568,11.3,1.2,6.0,3.51,0.7,Medium Risk,100.0
299,WESTLAKE CORP,1262823,11.17,-1.51,19.96,10.67,2.72,Medium Risk,100.0
300,QUEST DIAGNOSTICS INC,1022079,11.04,0.99,16.23,9.445,0.42,Low Risk,80.0
301,BALL Corp,9389,10.98,0.44,19.52,14.1,1.21,Medium Risk,100.0
302,INTERNATIONAL FLAVORS & FRAGRANCES INC,51253,10.89,0.34,25.54,9.445,0.59,Low Risk,80.0
303,WELLTOWER INC.,766704,10.84,0.22,67.3,24.1,5.03,Low Risk,100.0
304,CDW Corp,1402057,10.77,1.07,16.03,5.97,0.62,Low Risk,100.0
305,Aon plc,315293,10.77,3.69,50.78,41.24,1.2,High Risk,100.0
306,"Cheniere Energy Partners, L.P.",1383650,10.76,2.99,17.44,17.02,0.18,High Risk,100.0
307,"DELTA AIR LINES, INC.",27904,10.74,5.0,81.32,9.445,4.31,Low Risk,80.0
308,"Fidelity National Information Services, Inc.",1136893,10.68,0.38,33.49,19.59,0.6,Medium Risk,100.0
309,CSX CORP,277948,10.64,2.89,43.68,30.52,1.96,Medium Risk,100.0
310,AMERICAN TOWER CORP /MA/,1053507,10.64,1.69,63.19,52.84,1.47,High Risk,100.0
311,"Burlington Stores, Inc.",1579298,10.63,0.5,8.77,9.445,0.99,Low Risk,80.0
312,lululemon athletica inc.,1397187,10.59,1.81,7.6,3.28,0.88,Low Risk,100.0
313,"Warner Bros. Discovery, Inc.",1437107,10.55,0.73,100.08,62.92,4.57,Medium Risk,100.0
314,NORFOLK SOUTHERN CORP,702165,10.55,2.87,45.24,29.69,1.53,Medium Risk,100.0
315,NVR INC,906163,10.32,1.34,5.86,1.99,2.81,Low Risk,100.0
316,"CONSTELLATION BRANDS, INC.",16918,10.21,-0.08,21.65,14.52,0.07,Medium Risk,100.0
317,INTUITIVE SURGICAL INC,1035267,10.06,2.86,20.46,2.52,3.37,Low Risk,100.0
318,TechnipFMC plc,1681459,9.93,0.96,10.12,6.71,1.03,Medium Risk,100.0
319,Johnson Controls International plc,833444,9.9,3.29,37.94,8.24,0.38,Low Risk,100.0
320,BIOGEN INC.,875045,9.89,1.29,29.44,11.18,2.91,Low Risk,100.0
321,MGM Resorts International,789570,9.81,0.21,41.37,38.1,2.06,High Risk,100.0
322,"WEC ENERGY GROUP, INC.",783325,9.8,0.64,51.52,9.445,0.03,Low Risk,80.0
323,IQVIA HOLDINGS INC.,1478242,9.74,1.36,29.94,23.31,1.98,Medium Risk,100.0
324,WILLIS TOWERS WATSON PLC,1140536,9.71,1.6,29.53,21.48,3.13,Medium Risk,100.0
325,M&T BANK CORP,36270,9.64,2.85,213.51,184.33,1.42,High Risk,100.0
326,FIRST CITIZENS BANCSHARES INC /DE/,798941,9.54,2.21,229.7,207.46,9.03,High Risk,100.0
327,WESTERN DIGITAL CORP,106040,9.52,1.89,14.0,8.46,2.11,Medium Risk,100.0
328,Zoetis Inc.,1555280,9.47,2.67,15.47,12.14,1.56,Medium Risk,100.0
329,"Waste Connections, Inc.",1318220,9.47,1.08,21.13,12.88,0.05,Medium Risk,100.0
330,Restaurant Brands International Inc.,1618756,9.43,0.14,25.61,20.46,0.91,Medium Risk,100.0
331,CENTERPOINT ENERGY INC,1130310,9.36,1.05,46.53,9.445,0.04,Low Risk,80.0
332,HORMEL FOODS CORP /DE/,48465,9.17,0.48,13.39,9.445,0.67,Low Risk,80.0
333,OLD REPUBLIC INTERNATIONAL CORP,74260,9.14,0.94,29.86,23.93,0.3725,High Risk,80.0
334,COMFORT SYSTEMS USA INC,1035983,9.1,1.02,6.44,3.99,0.98,Medium Risk,100.0
335,BOSTON SCIENTIFIC CORP,885725,9.08,0.98,43.67,9.445,1.97,Low Risk,60.0
336,PPL Corp,922224,9.04,1.18,45.24,9.445,1.07,Low Risk,80.0
337,Xylem Inc.,1524472,9.04,0.96,17.63,5.88,1.48,Low Risk,100.0
338,"Arista Networks, Inc.",1596532,9.01,3.51,19.45,7.08,1.96,Low Risk,100.0
339,PACKAGING CORP OF AMERICA,75677,8.99,0.77,10.73,9.445,0.53,Low Risk,80.0
340,Ovintiv Inc.,1792580,8.91,1.24,20.39,9.2,0.04,Low Risk,100.0
341,Avery Dennison Corp,8818,8.86,0.69,8.8,9.445,0.2,Low Risk,80.0
342,TransDigm Group INC,1260221,8.83,2.07,22.91,32.59,2.81,High Risk,100.0
343,AMEREN CORP,1002910,8.8,0.52,48.48,9.445,0.01,Low Risk,80.0
344,"Prologis, Inc.",1045609,8.79,3.33,98.72,40.97,1.15,Low Risk,100.0
345,EQT Corp,33213,8.64,2.04,41.79,14.43,0.11,Low Risk,100.0
346,CMS ENERGY CORP,811156,8.54,1.07,39.94,9.445,0.51,Low Risk,80.0
347,NEWS CORP,1564708,8.45,1.18,15.5,9.445,2.4,Low Risk,80.0
348,"Salesforce, Inc.",1108524,8.39,7.46,112.31,53.16,7.33,Low Risk,100.0
349,WESCO INTERNATIONAL INC,929008,8.36,0.64,16.49,11.47,0.21,Medium Risk,100.0
350,Solventum Corp,1964738,8.32,1.56,14.29,9.24,0.88,Medium Risk,100.0
351,Monster Beverage Corp,865752,8.29,0.98,9.99,9.445,2.09,Low Risk,60.0
352,Howmet Aerospace Inc.,4281,8.25,1.51,11.18,5.83,0.74,Medium Risk,100.0
353,CITIZENS FINANCIAL GROUP INC/RI,759944,8.25,1.83,226.35,200.03,4.07,High Risk,100.0
354,"ZIMMER BIOMET HOLDINGS, INC.",1136869,8.23,0.71,23.09,10.39,0.59,Low Risk,100.0
355,YUM BRANDS INC,1041061,8.21,1.56,8.2,15.52,0.71,High Risk,100.0
356,FASTENAL CO,815556,8.2,1.26,5.05,9.445,0.28,Low Risk,80.0
357,"Marvell Technology, Inc.",1835632,8.19,2.67,22.29,7.98,2.64,Low Risk,100.0
358,AMERICAN FINANCIAL GROUP INC,1042046,8.17,0.84,32.64,27.82,1.73,High Risk,100.0
359,HERSHEY CO,47111,8.15,0.88,13.74,9.1,0.59,Medium Risk,100.0
360,NORTHERN TRUST CORP,73124,8.09,1.74,177.13,164.17,0.3725,High Risk,80.0
361,Liberty Media Corp,1560385,8.04,0.56,15.4,6.95,1.05,Low Risk,100.0
362,Ally Financial Inc.,40729,7.91,0.85,196.0,180.5,10.03,High Risk,100.0
363,APi Group Corp,1796209,7.91,0.3,8.94,5.53,0.91,Medium Risk,100.0
364,ROPER TECHNOLOGIES INC,882835,7.9,1.54,34.58,14.7,0.3,Low Risk,100.0
365,Vulcan Materials CO,1396009,7.78,1.08,16.7,8.15,0.18,Low Risk,100.0
366,"XPO, Inc.",1166003,7.74,0.32,8.19,9.445,0.31,Low Risk,80.0
367,WILLIAMS SONOMA INC,719955,7.71,1.13,5.3,3.16,1.21,Medium Risk,100.0
368,OSHKOSH CORP,775158,7.71,0.23,10.07,9.445,0.48,Low Risk,80.0
369,Coterra Energy Inc.,858470,7.64,1.72,24.24,9.39,0.11,Low Risk,100.0
370,MASCO CORP /DE/,62996,7.56,0.81,5.2,5.12,0.65,High Risk,100.0
371,KEYCORP /NEW/,91576,7.51,1.83,184.38,164.0,0.3725,High Risk,80.0
372,ELECTRONIC ARTS INC.,712515,7.46,1.12,12.37,5.98,2.73,Low Risk,100.0
373,"Core & Main, Inc.",1856525,7.44,0.41,5.87,4.1,0.01,Medium Risk,100.0
374,AMETEK INC/,1037868,7.4,1.48,16.07,5.44,0.46,Low Risk,100.0
375,Seagate Technology Holdings plc,1137789,7.38,1.47,8.02,8.48,0.89,High Risk,100.0
376,Sandisk Corp,2023554,7.36,-1.64,12.98,3.77,1.48,Low Risk,100.0
377,GARMIN LTD,1121788,7.25,1.66,10.99,9.445,2.28,Low Risk,80.0
378,WATSCO INC,105016,7.24,0.5,4.41,9.445,0.43,Low Risk,80.0
379,"Coca-Cola Consolidated, Inc.",317540,7.23,0.57,4.3,5.04,0.28,High Risk,100.0
380,"Autodesk, Inc.",769397,7.21,1.12,12.47,9.445,2.25,Low Risk,80.0
381,HUNT J B TRANSPORT SERVICES INC,728535,7.19,0.6,7.93,4.36,0.02,Medium Risk,100.0
382,"Coinbase Global, Inc.",1679788,7.18,1.26,29.67,14.88,11.29,Medium Risk,100.0
383,"Toll Brothers, Inc.",794170,7.14,1.35,14.52,6.23,1.26,Low Risk,100.0
384,RALPH LAUREN CORP,1037038,7.08,0.74,7.05,4.46,1.92,Medium Risk,100.0
385,"CF Industries Holdings, Inc.",1324404,7.08,1.54,14.09,9.445,0.29,Low Risk,80.0
386,EXPEDITORS INTERNATIONAL OF WASHINGTON INC,746515,6.92,0.81,4.89,9.445,1.31,Low Risk,80.0
387,WEYERHAEUSER CO,106535,6.91,0.32,16.61,7.19,0.46,Low Risk,100.0
388,MCCORMICK & CO INC,63754,6.84,0.79,13.2,7.43,0.1,Medium Risk,100.0
389,"Fortinet, Inc.",1262039,6.8,1.85,10.39,9.15,2.5,High Risk,100.0
390,WYNN RESORTS LTD,1174922,6.72,0.33,13.11,14.14,1.46,High Risk,100.0
391,NEWMONT Corp /DE/,1164727,6.71,7.08,57.12,23.08,7.65,Low Risk,100.0
392,Gen Digital Inc.,849399,6.68,0.64,15.49,13.23,1.01,High Risk,100.0
393,"ROCKWELL AUTOMATION, INC",1024478,6.67,0.87,11.22,9.445,0.47,Low Risk,80.0
394,SOUTHERN COPPER CORP/,1001838,6.65,2.34,21.38,9.445,4.3,Low Risk,80.0
395,CME GROUP INC.,1156375,6.52,4.07,198.42,169.7,4.42,High Risk,100.0
396,Fortive Corp,1659166,6.45,0.58,11.74,9.445,0.38,Low Risk,80.0
397,"SharkNinja, Inc.",1957132,6.4,0.7,5.35,2.67,0.78,Low Risk,100.0
398,"Motorola Solutions, Inc.",68505,6.38,2.15,19.39,9.445,1.17,Low Risk,80.0
399,SIMON PROPERTY GROUP INC.,1063761,6.36,0.98,40.61,33.9,0.82,High Risk,80.0
400,STIFEL FINANCIAL CORP,720672,6.35,0.68,41.27,35.29,2.25,High Risk,100.0
401,"NetApp, Inc.",1002047,6.23,1.19,10.82,9.78,2.74,High Risk,100.0
402,ANALOG DEVICES INC,6281,6.2,2.27,47.99,9.445,2.5,Low Risk,80.0
403,CHURCH & DWIGHT CO INC /DE/,313927,6.2,0.74,8.91,4.91,0.41,Medium Risk,100.0
404,"L3HARRIS TECHNOLOGIES, INC. /DE/",202058,6.18,1.61,41.2,21.56,1.07,Medium Risk,100.0
405,MARTIN MARIETTA MATERIALS INC,916076,6.15,1.14,18.71,8.68,0.07,Low Risk,100.0
406,"Toast, Inc.",1650164,6.15,0.34,3.15,1.02,1.35,Low Risk,100.0
407,CLOROX CO /DE/,21076,6.12,0.81,5.56,5.08,0.17,High Risk,100.0
408,"DIGITAL REALTY TRUST, INC.",1297996,6.11,1.31,49.41,24.56,3.45,Low Risk,100.0
409,EQUIFAX INC,33185,6.07,0.66,11.86,7.13,0.18,Medium Risk,100.0
410,Edwards Lifesciences Corp,1099800,6.07,1.07,13.7,3.36,2.94,Low Risk,100.0
411,"StandardAero, Inc.",2025410,6.06,0.28,6.56,3.89,0.3725,Medium Risk,80.0
412,S&P Global Inc.,64040,6.06,4.47,61.2,25.05,1.75,Low Risk,100.0
413,DraftKings Inc.,1883685,6.05,0.0,4.53,3.9,1.13,High Risk,100.0
414,EQUINIX INC,1101239,6.0,1.35,40.14,25.96,1.73,Medium Risk,100.0
415,GLOBE LIFE INC.,320335,5.99,1.16,30.81,24.84,0.06,High Risk,100.0
416,"Evergy, Inc.",1711269,5.96,0.86,33.95,9.445,0.02,Low Risk,80.0
417,Encompass Health Corp,785161,5.94,0.57,7.09,3.81,0.07,Medium Risk,100.0
418,"BROWN & BROWN, INC.",79282,5.9,1.05,29.99,3.86,1.08,Low Risk,100.0
419,"TAPESTRY, INC.",1116132,5.88,0.18,6.58,5.72,1.1,High Risk,100.0
420,"PENSKE AUTOMOTIVE GROUP, INC.",1019849,5.88,0.94,17.6,12.02,0.06,Medium Risk,100.0
421,"Texas Roadhouse, Inc.",1289460,5.88,0.27,3.55,2.07,0.13,Medium Risk,100.0
422,"REGENERON PHARMACEUTICALS, INC.",872589,5.87,4.5,40.56,9.3,3.12,Low Risk,100.0
423,HUBBELL INC,48898,5.84,0.89,8.23,4.37,0.48,Medium Risk,100.0
424,"Intercontinental Exchange, Inc.",1571949,5.83,3.31,136.89,107.9,0.84,Medium Risk,100.0
425,"Ventas, Inc.",740260,5.83,0.27,27.59,14.63,0.74,Medium Risk,100.0
426,FRANKLIN RESOURCES INC,38777,5.77,0.52,32.37,18.18,4.65,Medium Risk,100.0
427,REALTY INCOME CORP,726728,5.75,1.06,72.8,32.67,0.43,Low Risk,100.0
428,TAKE TWO INTERACTIVE SOFTWARE INC,946581,5.63,-2.9459999999999997,9.18,7.04,1.46,Medium Risk,100.0
429,PAYCHEX INC,723531,5.57,0.67,16.56,12.44,1.63,Medium Risk,100.0
430,Veralto Corp,1967680,5.5,0.94,7.69,9.445,2.03,Low Risk,80.0
431,AppLovin Corp,1751008,5.48,3.33,7.26,5.12,2.49,Medium Risk,100.0
432,STERIS plc,1757898,5.46,0.61,10.15,3.53,0.22,Low Risk,100.0
433,ZEBRA TECHNOLOGIES CORP,877212,5.4,0.42,8.5,4.91,0.12,Medium Risk,100.0
434,"Rivian Automotive, Inc. / DE",1874178,5.39,-2.9459999999999997,14.86,10.27,3.58,Medium Risk,100.0
435,"HOST HOTELS & RESORTS, INC.",1070750,5.39,0.77,13.05,6.32,0.77,Low Risk,100.0
436,"Keysight Technologies, Inc.",1601046,5.38,0.85,11.3,5.42,1.87,Low Risk,100.0
437,"HASBRO, INC.",46080,5.37,-0.32,5.55,4.99,4.58,High Risk,100.0
438,"Lineage, Inc.",1868159,5.36,-0.1,19.18,9.94,0.17,Medium Risk,100.0
439,MICROCHIP TECHNOLOGY INC,827054,5.35,-0.0,15.37,9.445,0.77,Low Risk,80.0
440,PINNACLE WEST CAPITAL CORP,764622,5.34,0.35,30.03,9.445,0.01,Low Risk,80.0
441,RPM INTERNATIONAL INC/DE/,110621,5.32,0.69,7.78,9.445,0.3,Low Risk,80.0
442,Invesco Ltd.,914208,5.31,0.54,27.09,14.09,1.04,Medium Risk,100.0
443,CADENCE DESIGN SYSTEMS INC,813672,5.3,1.11,10.15,9.445,3.0,Low Risk,80.0
444,ANTERO RESOURCES Corp,1433270,5.28,0.68,13.25,5.53,0.03,Low Risk,100.0
445,Atlassian Corp,1650372,5.22,-0.26,6.04,4.7,2.51,Medium Risk,100.0
446,"FIRST SOLAR, INC.",1274494,5.22,1.53,13.32,3.78,2.8,Low Risk,100.0
447,LENNOX INTERNATIONAL INC,1069202,5.2,0.81,4.08,2.92,0.03,Medium Risk,100.0
448,Snap-on Inc,91440,5.16,1.02,8.41,2.46,1.62,Low Risk,100.0
449,ALBEMARLE CORP,915913,5.14,-0.51,16.37,9.445,0.61,Low Risk,80.0
450,"CoreWeave, Inc.",1769628,5.13,-1.17,49.3,45.97,3.13,High Risk,100.0
451,Amcor plc,1748790,5.08,0.51,37.07,25.33,0.83,Medium Risk,100.0
452,SYNOPSYS INC,883241,5.08,1.33,48.22,19.9,2.89,Low Risk,100.0
453,Permian Resources Corp,1658566,5.07,0.94,17.91,6.38,0.15,Low Risk,100.0
454,"ENSIGN GROUP, INC",1125376,5.06,0.34,5.46,3.23,0.5,Medium Risk,100.0
455,CARLISLE COMPANIES INC,790051,5.0,0.74,6.26,9.445,1.11,Low Risk,80.0
456,DECKERS OUTDOOR CORP,910521,4.99,0.97,3.57,9.445,1.89,Low Risk,80.0
457,GoDaddy Inc.,1609711,4.95,0.88,8.03,9.445,0.93,Low Risk,80.0
458,DOMINOS PIZZA INC,1286681,4.94,0.6,1.72,5.62,0.13,High Risk,100.0
459,"Zoom Communications, Inc.",1585521,4.87,1.9,11.96,2.15,1.27,Low Risk,100.0
460,NISOURCE INC.,1111711,4.87,0.93,35.86,9.445,0.11,Low Risk,80.0
461,Public Storage,1393311,4.82,1.78,20.21,10.87,0.32,Medium Risk,100.0
462,Brookfield Asset Management Ltd.,1937926,4.82,2.4,17.05,6.74,1.58,Low Risk,100.0
463,Carlyle Group Inc.,1527166,4.78,0.81,29.12,22.06,1.97,Medium Risk,100.0
464,CIENA CORP,936395,4.77,0.12,5.86,3.14,1.09,Medium Risk,100.0
465,Ares Management Corp,1176948,4.76,0.53,28.63,19.93,0.3725,Medium Risk,80.0
466,"Qnity Electronics, Inc.",2058873,4.75,0.98,14.07,6.7,0.92,Low Risk,80.0
467,"ROKU, INC",1428439,4.74,0.09,4.43,1.78,1.59,Low Risk,100.0
468,"TKO Group Holdings, Inc.",1973266,4.74,0.2,15.5,6.25,0.83,Low Risk,100.0
469,Wayfair Inc.,1616707,4.72,-0.31,3.44,6.22,1.48,High Risk,100.0
470,Elanco Animal Health Inc,1739104,4.71,-0.23,13.36,6.81,0.55,Medium Risk,100.0
471,ATMOS ENERGY CORP,731802,4.7,1.2,28.25,9.445,0.2,Low Risk,80.0
472,Hyatt Hotels Corp,1468174,4.68,-0.05,14.04,10.38,0.79,Medium Risk,100.0
473,TPG Inc.,1880661,4.67,0.18,13.49,9.36,0.83,Medium Risk,100.0
474,RB GLOBAL INC.,1046102,4.59,0.43,12.14,6.08,0.53,Medium Risk,100.0
475,TransUnion,1552033,4.58,0.46,11.11,6.57,0.85,Medium Risk,100.0
476,LOGITECH INTERNATIONAL S.A.,1032975,4.55,0.63,3.54,1.41,1.5,Low Risk,100.0
477,"CORPAY, INC.",1175454,4.53,1.07,26.41,9.445,2.41,Low Risk,80.0
478,IRON MOUNTAIN INC,1020569,4.49,-0.05,21.13,9.445,0.16,Low Risk,80.0
479,HEICO CORP,46619,4.49,0.69,8.5,3.65,0.14,Low Risk,100.0
480,Palantir Technologies Inc.,1321655,4.48,1.63,8.9,1.41,1.42,Low Risk,100.0
481,"Robinhood Markets, Inc.",1783879,4.47,1.88,38.14,28.99,4.26,Medium Risk,100.0
482,CACI INTERNATIONAL INC /DE/,16058,4.47,0.5,8.65,4.75,0.11,Medium Risk,100.0
483,"AGILENT TECHNOLOGIES, INC.",1090872,4.47,1.3,12.73,5.99,1.79,Low Risk,100.0
484,Warner Music Group Corp.,1319161,4.46,0.36,9.83,9.07,0.53,High Risk,100.0
485,ALLIANT ENERGY CORP,352541,4.36,0.81,24.99,9.445,0.56,Low Risk,80.0
486,"ILLUMINA, INC.",1110803,4.34,0.85,6.64,9.445,1.14,Low Risk,80.0
487,SERVICE CORP INTERNATIONAL,89089,4.31,0.54,18.65,9.445,0.24,Low Risk,80.0
488,IDEXX LABORATORIES INC /DE,874716,4.3,1.06,3.35,1.75,0.18,Medium Risk,100.0
489,"NASDAQ, INC.",1120193,4.28,1.79,31.05,18.82,0.6,Medium Risk,100.0
490,CROWN CASTLE INC.,1051470,4.26,0.44,31.52,33.15,0.1,High Risk,100.0
491,"PINTEREST, INC.",1506293,4.22,0.42,5.49,0.75,0.97,Low Risk,100.0
492,GENERAC HOLDINGS INC.,1474735,4.21,0.16,5.57,2.93,0.34,Medium Risk,100.0
493,MOODYS CORP /DE/,1059556,4.2,2.46,15.83,11.62,2.38,Medium Risk,100.0
494,MUELLER INDUSTRIES INC,89439,4.18,0.77,3.73,0.5,1.37,Low Risk,100.0
495,"BROADRIDGE FINANCIAL SOLUTIONS, INC.",1383312,4.14,0.84,8.54,5.89,0.56,Medium Risk,100.0
496,HOLOGIC INC,859737,4.1,0.57,9.01,9.445,1.96,Low Risk,80.0
497,"AMKOR TECHNOLOGY, INC.",1047127,4.05,0.37,8.14,3.63,1.38,Low Risk,100.0
498,ATI INC,1018963,4.04,0.4,5.1,3.18,0.42,Medium Risk,100.0
499,METTLER TOLEDO INTERNATIONAL INC/,1037646,4.03,0.87,3.71,3.74,0.07,High Risk,100.0
500,VICI PROPERTIES INC.,1705696,4.01,2.78,46.72,18.5,0.56,Low Risk,100.0
501,GLOBAL PAYMENTS INC,1123360,3.98,1.4,53.34,29.56,8.34,Medium Risk,100.0
502,BROWN FORMAN CORP,14693,3.98,0.87,8.09,4.09,0.44,Medium Risk,100.0
503,ITT INC.,216228,3.94,0.49,6.31,2.22,1.74,Low Risk,100.0
504,MKS INC,1049502,3.93,0.29,8.8,6.08,0.42,Medium Risk,100.0
505,Solstice Advanced Materials Inc.,2064953,3.89,0.24,5.67,4.3,0.53,Medium Risk,100.0
506,nVent Electric plc,1720635,3.89,0.71,6.85,3.12,0.19,Low Risk,100.0
507,Evercore Inc.,1360901,3.88,0.59,5.36,3.04,1.43,Medium Risk,100.0
508,"FIVE BELOW, INC",1177609,3.88,0.25,4.34,2.53,0.2,Medium Risk,100.0
509,MOOG INC.,67887,3.86,0.24,4.43,2.43,0.06,Medium Risk,100.0
510,"Western Midstream Partners, LP",1423902,3.84,1.18,15.0,10.84,0.82,Medium Risk,100.0
511,SMITH A O CORP,91142,3.83,0.55,3.14,1.28,0.17,Low Risk,100.0
512,GameStop Corp.,1326380,3.82,0.13,5.88,0.95,4.76,Low Risk,100.0
513,TRIMBLE INC.,864749,3.8,0.42,9.31,3.48,0.25,Low Risk,100.0
514,LINCOLN ELECTRIC HOLDINGS INC,59527,3.76,0.52,3.78,2.31,0.31,Medium Risk,100.0
515,Maplebear Inc.,1579091,3.74,0.45,3.69,0.97,0.64,Low Risk,100.0
516,"Leonardo DRS, Inc.",1833756,3.65,0.28,4.49,9.445,0.65,Low Risk,80.0
517,Snowflake Inc.,1640147,3.63,-1.29,9.03,6.03,2.63,Medium Risk,100.0
518,"Woodward, Inc.",108312,3.57,0.44,4.63,2.06,0.33,Low Risk,100.0
519,"BXP, Inc.",1037540,3.48,0.28,26.17,18.47,1.48,Medium Risk,100.0
520,IDEX CORP /DE/,832101,3.46,0.48,6.93,2.9,0.58,Low Risk,100.0
521,"Datadog, Inc.",1561550,3.43,0.11,6.64,2.91,0.4,Low Risk,100.0
522,Fabrinet,1408710,3.42,0.33,2.83,0.85,0.31,Low Risk,100.0
523,FIRST HORIZON CORP,36966,3.42,0.98,83.88,74.73,0.83,High Risk,100.0
524,INCYTE CORP,879169,3.39,1.29,6.96,1.79,3.1,Low Risk,100.0
525,Extra Space Storage Inc.,1289490,3.38,0.97,29.26,14.94,0.14,Medium Risk,100.0
526,"REVVITY, INC.",31791,3.31,0.24,12.17,4.92,0.92,Low Risk,100.0
527,OGE ENERGY CORP.,1021635,3.26,0.47,14.37,9.39,0.01,Medium Risk,100.0
528,REGAL REXNORD CORP,82811,3.26,0.28,13.92,9.445,0.52,Low Risk,80.0
529,LAM RESEARCH CORP,707549,3.24,5.36,21.35,11.48,6.39,Medium Risk,100.0
530,SAIA INC,1177702,3.23,0.26,3.48,9.445,0.02,Low Risk,80.0
531,"Affirm Holdings, Inc.",1820953,3.22,0.05,11.15,8.09,1.35,Medium Risk,100.0
532,ENTEGRIS INC,1101302,3.2,0.24,8.35,9.445,0.36,Low Risk,80.0
533,PULTEGROUP INC/MI/,822416,3.19,2.22,18.05,5.06,1.98,Low Risk,100.0
534,"TERADYNE, INC",97210,3.19,0.55,4.18,1.39,0.29,Low Risk,100.0
535,"Everpure, Inc.",1474432,3.17,0.11,3.96,2.66,0.72,Medium Risk,100.0
536,WATERS CORP /DE/,1000697,3.17,0.64,5.08,2.52,0.59,Low Risk,100.0
537,RANGE RESOURCES CORP,315852,3.12,0.66,7.42,3.1,0.01,Low Risk,100.0
538,"F5, INC.",1048695,3.09,0.69,6.32,1.63,1.34,Low Risk,100.0
539,"Verisk Analytics, Inc.",1442145,3.07,0.91,6.2,5.89,2.18,High Risk,100.0
540,UL Solutions Inc.,1901440,3.05,0.33,2.92,1.63,0.29,Medium Risk,100.0
541,"RYAN SPECIALTY HOLDINGS, INC.",1849253,3.05,0.06,10.56,9.31,0.16,High Risk,100.0
542,AVALONBAY COMMUNITIES INC,915912,3.04,1.08,22.19,10.36,0.19,Low Risk,100.0
543,Allison Transmission Holdings Inc,1411207,3.01,0.62,6.08,4.21,1.5,Medium Risk,100.0
544,"American Water Works Company, Inc.",1410636,3.01,1.11,35.44,9.445,0.1,Low Risk,80.0
545,"DOCUSIGN, INC.",1261333,2.98,1.07,4.01,2.01,0.65,Medium Risk,100.0
546,RESMED INC,943819,2.96,1.4,8.17,2.21,1.21,Low Risk,100.0
547,Nextpower Inc.,1852131,2.96,0.51,3.19,1.56,0.77,Low Risk,100.0
548,CLEAN HARBORS INC,822818,2.94,0.39,7.62,2.57,0.23,Low Risk,100.0
549,GLOBUS MEDICAL INC,1237831,2.94,0.54,5.3,0.73,0.53,Low Risk,100.0
550,"Okta, Inc.",1660134,2.92,0.23,9.71,2.71,0.86,Low Risk,100.0
551,TTM TECHNOLOGIES INC,1116942,2.91,0.18,3.84,9.445,0.5,Low Risk,80.0
552,"Trade Desk, Inc.",1671933,2.9,0.44,6.15,3.67,0.66,Medium Risk,100.0
553,"ADVANCED DRAINAGE SYSTEMS, INC.",1604028,2.9,0.45,3.69,2.05,0.46,Medium Risk,100.0
554,WEBSTER FINANCIAL CORP,801337,2.9,1.0,84.07,74.58,0.3725,High Risk,80.0
555,WEST PHARMACEUTICAL SERVICES INC,105770,2.89,0.49,4.27,1.09,0.79,Low Risk,100.0
556,DONALDSON Co INC,29644,2.84,0.37,2.98,1.52,0.18,Medium Risk,100.0
557,"HEALTHPEAK PROPERTIES, INC.",765880,2.82,0.07,20.34,12.03,0.47,Medium Risk,100.0
558,SBA COMMUNICATIONS CORP,1034054,2.82,1.05,11.58,9.445,0.26,Low Risk,80.0
559,"AXON ENTERPRISE, INC.",1069183,2.78,0.12,7.0,3.76,1.2,Medium Risk,100.0
560,SOMNIGROUP INTERNATIONAL INC.,1206264,2.75,0.38,11.6,8.48,0.07,Medium Risk,100.0
561,"Circle Internet Group, Inc.",1876042,2.75,-0.07,78.71,75.38,1.53,High Risk,100.0
562,PTC INC.,857005,2.74,0.73,6.62,2.79,0.18,Low Risk,100.0
563,Invitation Homes Inc.,1687229,2.73,0.59,18.68,9.11,0.13,Low Risk,100.0
564,INSULET CORP,1145197,2.71,0.25,3.19,1.68,0.91,Medium Risk,100.0
565,EQUITY RESIDENTIAL,906107,2.7,1.12,20.75,9.34,0.06,Low Risk,100.0
566,"Zscaler, Inc.",1713683,2.67,-0.04,6.42,4.62,2.39,Medium Risk,100.0
567,TORO CO,737758,2.62,0.32,3.44,9.445,0.29,Low Risk,80.0
568,"Interactive Brokers Group, Inc.",1381197,2.58,0.04,203.24,182.77,4.96,High Risk,100.0
569,Talen Energy Corp,1622536,2.58,-0.22,10.9,9.81,0.69,High Risk,100.0
570,Ubiquiti Inc.,1511737,2.57,0.71,1.47,0.8,0.15,Medium Risk,100.0
571,"Nutanix, Inc.",1618732,2.54,0.19,3.28,3.98,0.77,High Risk,100.0
572,"COOPER COMPANIES, INC.",711404,2.53,0.37,12.39,4.16,0.11,Low Risk,100.0
573,"Medpace Holdings, Inc.",1668397,2.53,0.45,1.98,1.52,0.5,Medium Risk,100.0
574,FTAI Aviation Ltd.,1590364,2.51,-0.11,4.37,4.04,0.3,High Risk,100.0
575,AKAMAI TECHNOLOGIES INC,1086222,2.5,0.45,11.48,6.5,0.93,Medium Risk,100.0
576,VERTEX PHARMACEUTICALS INC / MA,875320,2.49,3.95,25.64,6.98,5.08,Low Risk,100.0
577,"Super Micro Computer, Inc.",1375365,2.48,1.05,14.02,7.72,5.17,Medium Risk,100.0
578,"Essential Utilities, Inc.",78128,2.47,0.62,19.46,9.445,0.03,Low Risk,80.0
579,"MongoDB, Inc.",1441816,2.46,-0.07,3.76,0.81,1.08,Low Risk,100.0
580,WATTS WATER TECHNOLOGIES INC,795403,2.44,0.34,2.88,9.445,0.41,Low Risk,80.0
581,Allegion plc,1579241,2.41,0.64,5.22,3.16,0.36,Medium Risk,100.0
582,WESTINGHOUSE AIR BRAKE TECHNOLOGIES CORP,943452,2.39,1.17,22.07,10.88,0.47,Low Risk,100.0
583,"HOULIHAN LOKEY, INC.",1302215,2.39,0.4,3.82,1.64,0.97,Low Risk,100.0
584,CURTISS WRIGHT CORP,26324,2.39,0.48,5.22,2.69,0.17,Medium Risk,100.0
585,Royalty Pharma plc,1802768,2.38,0.77,19.62,9.91,0.62,Medium Risk,100.0
586,Ingersoll Rand Inc.,1699150,2.38,0.58,18.3,8.14,1.25,Low Risk,100.0
587,TopBuild Corp,1633931,2.38,0.52,6.61,4.29,0.18,Medium Risk,100.0
588,PRICE T ROWE GROUP INC,1113169,2.37,2.09,14.34,2.29,3.38,Low Risk,100.0
589,ROYAL CARIBBEAN CRUISES LTD,884887,2.33,4.27,41.62,31.37,0.82,Medium Risk,100.0
590,Crane Co,1944013,2.31,0.37,3.85,9.445,0.51,Low Risk,80.0
591,SUN COMMUNITIES INC,912593,2.31,1.41,12.52,5.19,0.57,Low Risk,100.0
592,SEI INVESTMENTS CO,350894,2.3,0.72,2.68,0.43,0.4,Low Risk,100.0
593,"SPX Technologies, Inc.",88205,2.27,0.24,3.6,9.445,0.36,Low Risk,80.0
594,Palo Alto Networks Inc,1327567,2.27,1.13,23.58,15.75,2.27,Medium Risk,100.0
595,"American Healthcare REIT, Inc.",1632970,2.26,0.07,5.43,2.07,0.11,Low Risk,100.0
596,NORDSON CORP,72331,2.25,0.48,5.92,9.445,0.11,Low Risk,80.0
597,Symbotic Inc.,1837240,2.25,-0.02,2.4,1.92,1.24,Medium Risk,100.0
598,GRACO INC,42888,2.24,0.52,3.27,9.445,0.62,Low Risk,80.0
599,Roblox Corp,1315098,2.23,-1.07,9.56,9.18,1.21,High Risk,100.0
600,"Cboe Global Markets, Inc.",1374310,2.23,1.1,9.31,4.17,2.22,Low Risk,100.0
601,MID AMERICA APARTMENT COMMUNITIES INC.,912595,2.21,0.45,11.98,6.14,0.06,Medium Risk,100.0
602,"Reddit, Inc.",1713445,2.2,0.53,3.24,0.31,0.95,Low Risk,100.0
603,"Cloudflare, Inc.",1477333,2.17,-0.1,6.04,4.58,0.94,Medium Risk,100.0
604,ROLLINS INC,84839,2.16,0.53,3.14,1.77,0.1,Medium Risk,100.0
605,CARPENTER TECHNOLOGY CORP,17843,2.16,0.38,3.49,1.6,0.32,Low Risk,100.0
606,"Workday, Inc.",1327811,2.14,0.69,18.07,10.27,1.5,Medium Risk,100.0
607,KIMCO REALTY CORP,879101,2.14,0.58,19.69,9.12,0.21,Low Risk,100.0
608,GENERAL MILLS INC,40704,2.04,2.3,33.07,23.86,0.36,Medium Risk,100.0
609,Bloom Energy Corp,1664703,2.02,-0.3,4.4,3.6,2.45,High Risk,100.0
610,GARTNER INC,749251,2.02,0.73,8.09,7.77,1.72,High Risk,100.0
611,SOUTHWEST AIRLINES CO,92380,2.01,0.44,29.06,9.445,3.23,Low Risk,80.0
612,"ServiceNow, Inc.",1373715,1.93,1.75,26.04,13.07,3.73,Medium Risk,100.0
613,"ESSEX PROPERTY TRUST, INC.",920522,1.89,0.39,13.16,7.42,0.08,Medium Risk,100.0
614,DOVER Corp,29905,1.78,1.09,13.42,9.445,0.51,Low Risk,80.0
615,NEW YORK TIMES CO,71691,1.78,0.34,3.0,9.445,0.26,Low Risk,80.0
616,Arthur J. Gallagher & Co.,354190,1.72,1.49,70.67,47.32,0.34,Medium Risk,100.0
617,W. P. Carey Inc.,1025378,1.72,0.47,17.99,9.86,0.16,Medium Risk,100.0
618,"UDR, Inc.",74208,1.71,0.38,10.61,6.46,0.01,Medium Risk,100.0
619,"Dynatrace, Inc.",1773383,1.7,0.48,4.14,1.52,1.02,Low Risk,100.0
620,"BWX Technologies, Inc.",1486957,1.69,0.33,4.27,3.04,0.5,Medium Risk,100.0
621,ERIE INDEMNITY CO,922621,1.69,0.56,3.36,1.07,0.27,Low Risk,100.0
622,SS&C Technologies Holdings Inc,1402436,1.68,0.8,20.71,13.77,0.46,Medium Risk,100.0
623,VERISIGN INC/CA,1014473,1.66,0.32,1.33,3.48,0.31,High Risk,100.0
624,RBC Bearings INC,1324948,1.64,0.25,4.69,1.65,0.04,Low Risk,100.0
625,CINTAS CORP,723254,1.62,1.81,9.83,9.445,0.26,Low Risk,80.0
626,"Gaming & Leisure Properties, Inc.",1575965,1.59,0.83,12.91,7.9,0.03,Medium Risk,100.0
627,HUNTINGTON BANCSHARES INC /MD/,49196,1.56,2.21,225.11,200.73,2.67,High Risk,100.0
628,REGENCY CENTERS CORP,910606,1.55,0.53,13.0,5.82,0.3725,Low Risk,80.0
629,JACK HENRY & ASSOCIATES INC,779152,1.54,0.46,3.04,0.91,0.05,Low Risk,100.0
630,EQUITY LIFESTYLE PROPERTIES INC,895417,1.53,0.4,5.75,3.93,0.04,Medium Risk,100.0
631,TEVA PHARMACEUTICAL INDUSTRIES LTD,818686,1.5,1.41,40.75,32.83,3.56,High Risk,100.0
632,UNITED THERAPEUTICS Corp,1082554,1.48,1.33,7.88,0.78,1.56,Low Risk,100.0
633,ON SEMICONDUCTOR CORP,1097864,1.45,0.12,12.52,4.83,2.15,Low Risk,100.0
634,Penumbra Inc,1321732,1.4,0.18,1.83,0.4,0.19,Low Risk,100.0
635,"Viper Energy, Inc.",2074176,1.4,-0.07,12.67,2.31,0.01,Low Risk,100.0
636,MODINE MANUFACTURING CO,67347,1.35,0.18,1.92,1.0,0.07,Medium Risk,100.0
637,"Celsius Holdings, Inc.",1341766,1.32,0.11,5.12,2.18,0.4,Low Risk,100.0
638,BIOMARIN PHARMACEUTICAL INC,1048477,1.31,0.35,7.59,1.51,1.31,Low Risk,100.0
639,MSCI Inc.,1408198,1.27,1.2,5.7,8.36,0.52,High Risk,100.0
640,Samsara Inc.,1642896,1.25,-0.15,2.02,0.96,0.23,Low Risk,100.0
641,MASIMO CORP,937556,1.24,-0.15,1.7,0.98,0.15,Medium Risk,100.0
642,"DT Midstream, Inc.",1842022,1.24,0.44,10.08,5.2,0.05,Medium Risk,100.0
643,"IonQ, Inc.",1824920,1.24,-0.51,6.57,2.76,1.03,Low Risk,100.0
644,OMEGA HEALTHCARE INVESTORS INC,888491,1.19,0.59,10.05,4.61,0.03,Low Risk,100.0
645,Antero Midstream Corp,1623925,1.19,0.02,5.88,3.91,0.18,Medium Risk,100.0
646,American Homes 4 Rent,1562401,1.18,0.98,13.24,5.53,0.11,Low Risk,80.0
647,"Confluent, Inc.",1699838,1.17,-0.3,2.99,1.82,0.35,Medium Risk,100.0
648,COHERENT CORP.,820318,1.16,0.05,14.91,6.43,0.91,Low Risk,100.0
649,VEEVA SYSTEMS INC,1393052,1.1,0.71,7.34,1.51,1.12,Low Risk,100.0
650,"ZILLOW GROUP, INC.",1617640,1.08,0.02,5.68,0.8,0.77,Low Risk,100.0
651,"Figma, Inc.",1579878,1.06,-1.25,2.35,0.84,0.4,Low Risk,100.0
652,"ALNYLAM PHARMACEUTICALS, INC.",1178670,1.04,0.31,4.97,4.18,1.66,High Risk,100.0
653,ROYAL GOLD INC,85535,1.03,0.47,9.54,2.33,0.23,Low Risk,100.0
654,TELEDYNE TECHNOLOGIES INC,1094285,1.02,0.89,15.29,4.77,0.35,Low Risk,100.0
655,ONTO INNOVATION INC.,704532,1.01,0.14,2.37,0.27,0.35,Low Risk,100.0
656,CHART INDUSTRIES INC,892553,0.99,0.04,9.81,6.43,0.37,Medium Risk,100.0
657,"Guardant Health, Inc.",1576280,0.98,-0.42,2.01,2.11,0.38,High Risk,100.0
658,"COSTAR GROUP, INC.",1057352,0.97,0.01,10.54,2.17,1.63,Low Risk,100.0
659,"MACOM Technology Solutions Holdings, Inc.",1493594,0.97,-0.05,2.1,0.78,0.11,Low Risk,100.0
660,"STERLING INFRASTRUCTURE, INC.",874238,0.96,0.29,2.63,1.53,0.39,Medium Risk,100.0
661,Tradeweb Markets Inc.,1758730,0.89,0.81,8.19,1.0,2.08,Low Risk,100.0
662,"Rubrik, Inc.",1943896,0.89,-1.15,1.42,1.98,0.19,High Risk,100.0
663,"Astera Labs, Inc.",1736297,0.85,0.22,1.53,0.17,0.17,Low Risk,100.0
664,Texas Pacific Land Corp,1811074,0.8,0.48,1.62,0.16,0.14,Low Risk,100.0
665,DYCOM INDUSTRIES INC,67215,0.79,0.28,5.98,4.12,0.71,Medium Risk,100.0
666,PENTAIR plc,77360,0.76,0.65,6.87,3.0,0.08,Low Risk,100.0
667,"KRATOS DEFENSE & SECURITY SOLUTIONS, INC.",1069258,0.75,0.02,2.47,0.47,0.56,Low Risk,100.0
668,BENTLEY SYSTEMS INC,1031308,0.73,0.28,3.56,2.37,0.12,Medium Risk,100.0
669,"Guidewire Software, Inc.",1528396,0.72,0.98,2.72,1.26,0.7,Low Risk,80.0
670,AGREE REALTY CORP,917251,0.72,0.2,9.8,3.53,0.02,Low Risk,100.0
671,EASTGROUP PROPERTIES INC,49600,0.72,0.98,5.43,1.94,0.02,Low Risk,80.0
672,"Coeur Mining, Inc.",215466,0.71,0.59,4.7,9.445,0.55,Low Risk,80.0
673,HECLA MINING CO/DE/,719413,0.65,0.32,3.56,0.97,0.24,Low Risk,100.0
674,"SoFi Technologies, Inc.",1818874,0.62,0.48,50.66,40.17,4.93,Medium Risk,100.0
675,Rocket Lab Corp,1819994,0.6,-0.2,2.32,0.6,0.83,Low Risk,100.0
676,BLUE OWL CAPITAL INC.,1823945,0.57,0.08,12.47,6.41,0.19,Medium Risk,100.0
677,COPART INC,900075,0.53,1.55,10.09,0.88,0.19,Low Risk,100.0
678,IREN Ltd,1878848,0.5,0.09,2.94,1.12,0.56,Low Risk,100.0
679,"BridgeBio Pharma, Inc.",1743881,0.5,0.98,1.1760000000000002,3.01,0.57,High Risk,80.0
680,TYLER TECHNOLOGIES INC,860731,0.49,0.32,5.64,1.94,1.02,Low Risk,100.0
681,Jazz Pharmaceuticals plc,1232524,0.48,-0.36,11.66,9.445,1.39,Low Risk,80.0
682,Strategy Inc,1050446,0.46,-2.9459999999999997,61.64,10.6,2.3,Low Risk,100.0
683,ADVANCED ENERGY INDUSTRIES INC,927003,0.45,0.05,2.55,1.18,0.79,Low Risk,100.0
684,"EXELIXIS, INC.",939767,0.45,0.78,2.84,0.68,0.48,Low Risk,100.0
685,Credo Technology Group Holding Ltd,1807794,0.44,0.05,1.1760000000000002,0.13,0.24,Low Risk,100.0
686,Lumentum Holdings Inc.,1633978,0.4,0.03,4.22,3.08,0.52,Medium Risk,100.0
687,TWILIO INC,1447669,0.4,0.03,9.77,1.95,0.68,Low Risk,100.0
688,ALIGN TECHNOLOGY INC,1097149,0.39,0.41,6.23,2.18,1.09,Low Risk,100.0
689,RAMBUS INC,917273,0.39,0.23,1.53,0.17,0.18,Low Risk,100.0
690,LATTICE SEMICONDUCTOR CORP,855658,0.39,0.0,1.1760000000000002,0.17,0.13,Low Risk,100.0
691,FAIR ISAAC CORP,814547,0.37,0.65,1.87,3.61,0.13,High Risk,100.0
692,Karman Holdings Inc.,2040127,0.35,0.01,1.1760000000000002,0.58,0.01,Medium Risk,100.0
693,MP Materials Corp. / DE,1801368,0.33,-0.09,3.86,1.47,1.17,Low Risk,100.0
694,MONOLITHIC POWER SYSTEMS INC,1280452,0.33,0.62,4.19,0.66,1.1,Low Risk,100.0
695,AeroVironment Inc,1368622,0.27,0.98,1.1760000000000002,9.445,0.04,Low Risk,60.0
696,BeOne Medicines Ltd.,1651308,0.24,0.29,8.19,3.83,4.55,Low Risk,100.0
697,DEXCOM INC,1093557,0.22,0.84,6.34,3.59,0.92,Medium Risk,100.0
698,"Natera, Inc.",1604821,0.21,-0.21,2.4,0.69,0.47,Low Risk,100.0
699,IONIS PHARMACEUTICALS INC,874015,0.2,-0.38,3.52,3.03,0.37,High Risk,100.0
700,"MADRIGAL PHARMACEUTICALS, INC.",1157601,0.18,-0.29,1.26,0.66,0.2,Medium Risk,100.0
701,NEUROCRINE BIOSCIENCES INC,914475,0.16,0.48,4.63,1.38,0.71,Low Risk,100.0
702,HUBSPOT INC,1404655,0.14,0.05,3.85,1.79,0.88,Low Risk,100.0
703,EAST WEST BANCORP INC,1069157,0.06,1.33,80.43,71.54,4.19,High Risk,100.0
704,"QXO, Inc.",1236275,0.05,-0.28,15.89,6.18,2.36,Low Risk,100.0
705,"Joby Aviation, Inc.",1819848,0.05,-0.93,1.8,0.39,0.24,Low Risk,100.0
706,Roivant Sciences Ltd.,1635088,0.03,-0.17,5.44,0.25,2.72,Low Risk,100.0
707,APPLIED INDUSTRIAL TECHNOLOGIES INC,109563,0.02,0.39,3.18,1.33,0.26,Low Risk,100.0
708,CAMDEN PROPERTY TRUST,906345,0.01,0.38,9.04,4.6,0.03,Medium Risk,100.0
721,GOLDMAN SACHS GROUP INC,886982,8.065,17.18,800.320000000001,680.4260000000021,40.35200000000017,High Risk,100.0
722,SPDR GOLD TRUST,1222333,8.065,35.55,124.57,0.11200000000000002,0.01,Low Risk,100.0
723,"CrowdStrike Holdings, Inc.",1535527,8.065,-0.16,11.09,6.61,5.23,Medium Risk,100.0
724,VALERO ENERGY CORP/TX,1035002,8.065,2.35,57.99,9.445,4.69,Low Risk,80.0
725,TRUIST FINANCIAL CORP,92230,8.065,0.98,547.54,482.35,20.3,High Risk,100.0
726,"Rocket Companies, Inc.",1805284,8.065,-0.07,60.69,37.79,2.7,Medium Risk,100.0
727,FIFTH THIRD BANCORP,35527,8.065,2.52,214.38,192.65,0.3725,High Risk,100.0
728,"OLD DOMINION FREIGHT LINE, INC.",878927,8.065,1.02,5.47,1.16,0.12,Low Risk,100.0
729,Grayscale Bitcoin Trust ETF,1588489,8.065,0.98,14.5,0.11200000000000002,0.3725,Unknown,100.0
730,Kraft Heinz Co,1637459,8.065,-2.9459999999999997,81.79,40.0,2.62,Low Risk,100.0
731,Synchrony Financial,1601712,8.065,3.55,119.09,102.33,14.97,High Risk,100.0
732,REGIONS FINANCIAL CORP,1281761,8.065,2.16,158.81,139.71,3.54,High Risk,100.0
733,Flutter Entertainment plc,1635327,8.065,0.98,29.28,19.58,1.83,Medium Risk,80.0
734,ANNALY CAPITAL MANAGEMENT INC,1043219,8.065,2.03,135.61,119.45,1.41,High Risk,80.0
735,LAMAR ADVERTISING CO/NEW,1090425,8.065,0.59,6.93,5.91,0.06,High Risk,80.0
736,ARES CAPITAL CORP,1287750,8.065,1.3,31.23,16.92,0.64,Medium Risk,60.0
737,"Pinnacle Financial Partners, Inc.",2082866,8.065,0.64,57.71,50.66,0.3725,High Risk,60.0
738,AGNC Investment Corp.,1423689,8.065,1.67,115.08,102.68,0.45,High Risk,80.0
739,J M SMUCKER Co,91419,8.065,-1.23,17.56,11.48,0.1,Medium Risk,60.0
740,APA Corp,1841666,8.065,1.43,17.76,9.445,0.52,Low Risk,80.0
741,Oklo Inc.,1849056,8.065,-0.07,1.1760000000000002,0.11200000000000002,0.1,Low Risk,40.0
