Company,Debt_Score,Profit_Score,Liquidity_Score,Efficiency_Score,PRS_Score,Lower_Bound,Upper_Bound,Uncertainty,Anomaly,Risk_Level
"Corebridge Financial, Inc.",23.08,23.32,24.85,23.73,94.98,87.58,100.0,7.4,Normal,Very High Risk
"Circle Internet Group, Inc.",22.87,23.35,20.88,24.35,91.45,84.79,98.11,6.66,Normal,Very High Risk
"PNC FINANCIAL SERVICES GROUP, INC.",21.74,19.72,24.85,24.11,90.42,82.6,98.24,7.82,Normal,Very High Risk
"Equitable Holdings, Inc.",23.25,23.9,18.31,24.25,89.71,83.12,96.3,6.59,Normal,Very High Risk
"Interactive Brokers Group, Inc.",21.84,22.19,19.72,24.66,88.41,81.87,94.95,6.54,Normal,Very High Risk
CAPITAL ONE FINANCIAL CORP,19.92,19.55,24.85,22.7,87.02,79.94,94.1,7.08,Normal,Very High Risk
PRINCIPAL FINANCIAL GROUP INC,23.01,16.98,21.88,23.59,85.46,79.04,91.88,6.42,Normal,Very High Risk
"CoreWeave, Inc.",22.67,24.28,14.95,21.95,83.85,77.5,90.2,6.35,Normal,Very High Risk
CROWN CASTLE INC.,23.42,14.57,24.25,20.71,82.95,76.63,89.27,6.32,Normal,Very High Risk
"Fidelity National Financial, Inc.",22.33,19.79,19.82,20.88,82.82,76.51,89.13,6.31,Normal,Very High Risk
METLIFE INC,22.19,19.62,18.86,21.98,82.65,76.34,88.96,6.31,Normal,Very High Risk
PRUDENTIAL FINANCIAL INC,21.16,18.66,19.41,22.81,82.04,75.76,88.32,6.28,Normal,Very High Risk
"Pinnacle Financial Partners, Inc.",21.12,16.63,23.01,20.47,81.23,73.78,88.68,7.45,Normal,Very High Risk
REINSURANCE GROUP OF AMERICA INC,22.22,19.14,19.34,20.03,80.73,74.5,86.96,6.23,Normal,Very High Risk
"RYAN SPECIALTY HOLDINGS, INC.",21.36,21.84,21.33,16.02,80.55,74.33,86.77,6.22,Normal,Very High Risk
IONIS PHARMACEUTICALS INC,20.82,24.85,11.08,23.39,80.14,73.93,86.35,6.21,Normal,Very High Risk
Unum Group,19.89,18.69,23.15,18.31,80.04,73.24,86.84,6.8,Normal,Very High Risk
"Apollo Global Management, Inc.",22.12,13.99,20.71,23.08,79.9,73.7,86.1,6.2,Normal,High Risk
EXELON CORP,18.28,19.24,23.11,18.21,78.84,72.69,84.99,6.15,Normal,High Risk
MGM Resorts International,22.43,21.71,17.01,17.18,78.33,72.2,84.46,6.13,Normal,High Risk
STATE STREET CORP,22.5,6.79,24.85,24.14,78.28,71.55,85.01,6.73,Normal,High Risk
AMERICAN ELECTRIC POWER CO INC,17.25,17.83,24.35,18.72,78.15,72.02,84.28,6.13,Normal,High Risk
Talen Energy Corp,21.91,23.83,14.68,17.25,77.67,71.56,83.78,6.11,Normal,High Risk
Jazz Pharmaceuticals plc,19.68,24.66,9.36,23.94,77.64,70.93,84.35,6.71,Normal,High Risk
Ally Financial Inc.,22.39,14.16,16.8,24.07,77.42,71.32,83.52,6.1,Normal,High Risk
EchoStar CORP,20.95,24.21,17.42,14.75,77.33,71.24,83.42,6.09,Normal,High Risk
NORTHERN TRUST CORP,22.57,6.62,24.45,23.66,77.3,70.61,83.99,6.69,Normal,High Risk
CNA FINANCIAL CORP,19.96,16.19,23.25,17.87,77.27,70.58,83.96,6.69,Normal,High Risk
KKR & Co. Inc.,19.44,12.79,21.43,23.56,77.22,71.13,83.31,6.09,Normal,High Risk
FIRSTENERGY CORP,18.14,17.87,24.69,16.39,77.09,71.01,83.17,6.08,Normal,High Risk
TRUIST FINANCIAL CORP,21.33,12.86,18.07,24.62,76.88,70.8,82.96,6.08,Normal,High Risk
LOEWS CORP,18.76,15.71,23.35,17.94,75.76,69.13,82.39,6.63,Normal,High Risk
KEYCORP /NEW/,21.57,5.69,24.42,24.04,75.72,69.09,82.35,6.63,Normal,High Risk
AGNC Investment Corp.,21.71,6.93,23.63,23.05,75.32,68.71,81.93,6.61,Normal,High Risk
AMERIPRISE FINANCIAL INC,23.05,8.09,22.05,22.12,75.31,69.3,81.32,6.01,Normal,High Risk
Roblox Corp,22.91,24.55,10.46,17.35,75.27,69.26,81.28,6.01,Normal,High Risk
"AMERICAN INTERNATIONAL GROUP, INC.",17.97,13.24,24.18,19.68,75.07,68.47,81.67,6.6,Normal,High Risk
FIFTH THIRD BANCORP,21.78,3.77,24.59,24.18,74.32,68.35,80.29,5.97,Normal,High Risk
J M SMUCKER Co,15.12,24.14,22.74,11.97,73.97,66.81,81.13,7.16,Normal,High Risk
"CONSTELLATION BRANDS, INC.",15.71,22.98,23.56,11.66,73.91,67.95,79.87,5.96,Normal,High Risk
Antero Midstream Corp,15.47,22.12,17.66,18.48,73.73,67.78,79.68,5.95,Normal,High Risk
CHART INDUSTRIES INC,15.16,19.92,16.56,22.05,73.69,67.74,79.64,5.95,Normal,High Risk
Restaurant Brands International Inc.,19.38,22.22,17.83,14.16,73.59,67.65,79.53,5.94,Normal,High Risk
Vistra Corp.,21.09,18.9,20.68,12.79,73.46,67.52,79.4,5.94,Normal,High Risk
"HEALTHPEAK PROPERTIES, INC.",12.96,21.43,18.35,20.54,73.28,67.35,79.21,5.93,Normal,High Risk
US BANCORP DE,22.09,5.25,21.98,23.9,73.22,67.29,79.15,5.93,Normal,High Risk
ENTEGRIS INC,23.7,17.04,18.45,13.92,73.11,66.59,79.63,6.52,Normal,High Risk
CITIZENS FINANCIAL GROUP INC/RI,21.4,6.24,20.85,24.28,72.77,66.86,78.68,5.91,Normal,High Risk
"Rocket Companies, Inc.",14.37,23.03,14.57,20.78,72.75,66.84,78.66,5.91,Normal,High Risk
WEBSTER FINANCIAL CORP,21.47,3.26,23.49,24.45,72.67,66.16,79.18,6.51,Normal,High Risk
Bank of New York Mellon Corp,22.05,4.7,22.09,23.83,72.67,66.76,78.58,5.91,Normal,High Risk
WELLS FARGO & COMPANY/MN,20.35,5.56,24.85,21.84,72.6,66.1,79.1,6.5,Normal,High Risk
ANNALY CAPITAL MANAGEMENT INC,21.3,5.49,22.12,23.35,72.26,65.77,78.75,6.49,Normal,High Risk
FIRST HORIZON CORP,21.64,4.29,22.26,24.01,72.2,66.31,78.09,5.89,Normal,High Risk
"EVEREST GROUP, LTD.",18.24,15.67,21.78,16.26,71.95,66.07,77.83,5.88,Normal,High Risk
"Viper Energy, Inc.",2.67,23.7,23.7,21.64,71.71,65.84,77.58,5.87,Normal,High Risk
M&T BANK CORP,20.92,4.12,22.94,23.7,71.68,65.81,77.55,5.87,Normal,High Risk
Kraft Heinz Co,9.67,24.45,15.23,22.19,71.54,65.68,77.4,5.86,Normal,High Risk
"Lineage, Inc.",10.49,23.25,21.36,16.29,71.39,65.53,77.25,5.86,Normal,High Risk
OLD REPUBLIC INTERNATIONAL CORP,19.48,14.61,21.54,15.64,71.27,64.82,77.72,6.45,Normal,High Risk
Ares Management Corp,16.53,13.68,21.06,19.65,70.92,64.48,77.36,6.44,Normal,High Risk
IRON MOUNTAIN INC,8.33,23.15,21.4,17.97,70.85,64.42,77.28,6.43,Normal,High Risk
AMERICAN EXPRESS CO,21.54,2.61,24.31,22.36,70.82,64.99,76.65,5.83,Normal,High Risk
GLOBE LIFE INC.,19.62,7.72,24.38,18.69,70.41,64.59,76.23,5.82,Normal,High Risk
STIFEL FINANCIAL CORP,20.61,14.23,15.57,19.96,70.37,64.56,76.18,5.81,Normal,High Risk
SAIA INC,24.88,16.53,24.54,4.39,70.34,63.93,76.75,6.41,ANOMALY,High Risk
Amcor plc,16.02,14.85,18.83,20.61,70.31,64.5,76.12,5.81,Normal,High Risk
SIMON PROPERTY GROUP INC.,19.99,10.08,20.27,19.92,70.26,63.85,76.67,6.41,Normal,High Risk
"DOMINION ENERGY, INC",17.04,8.57,24.21,20.37,70.19,64.38,76.0,5.81,Normal,High Risk
Hyatt Hotels Corp,17.83,23.11,14.06,15.16,70.16,64.35,75.97,5.81,Normal,High Risk
"Rubrik, Inc.",24.07,24.85,12.72,8.33,69.97,64.17,75.77,5.8,ANOMALY,High Risk
"TRAVELERS COMPANIES, INC.",18.72,12.21,24.01,14.92,69.86,63.47,76.25,6.39,Normal,High Risk
BOEING CO,23.11,21.4,15.09,10.19,69.79,64.0,75.58,5.79,Normal,High Risk
REGIONS FINANCIAL CORP,21.19,5.04,20.06,23.49,69.78,63.99,75.57,5.79,Normal,High Risk
FIRST CITIZENS BANCSHARES INC /DE/,21.98,5.93,17.97,23.87,69.75,63.96,75.54,5.79,Normal,High Risk
FTAI Aviation Ltd.,22.53,23.53,14.2,9.47,69.73,63.94,75.52,5.79,Normal,High Risk
"Venture Global, Inc.",18.83,17.39,16.67,16.7,69.59,63.21,75.97,6.38,Normal,High Risk
SOUTHERN CO,18.11,10.56,21.74,18.83,69.24,63.47,75.01,5.77,Normal,High Risk
"HARTFORD INSURANCE GROUP, INC.",18.96,11.49,23.42,15.23,69.1,62.74,75.46,6.36,Normal,High Risk
SOMNIGROUP INTERNATIONAL INC.,17.63,11.35,22.84,17.22,69.04,63.28,74.8,5.76,Normal,High Risk
HUNTINGTON BANCSHARES INC /MD/,21.67,0.55,21.95,24.85,69.02,63.26,74.78,5.76,Normal,High Risk
AMERICAN TOWER CORP /MA/,20.03,9.77,19.51,19.58,68.89,63.13,74.65,5.76,Normal,High Risk
"ASSURANT, INC.",20.06,17.8,16.08,14.57,68.51,62.77,74.25,5.74,Normal,High Risk
"Warner Bros. Discovery, Inc.",14.51,17.63,14.44,21.88,68.46,62.72,74.2,5.74,Normal,High Risk
OGE ENERGY CORP.,15.09,10.77,24.85,17.63,68.34,62.61,74.07,5.73,Normal,High Risk
EDISON INTERNATIONAL,19.34,5.97,24.49,18.35,68.15,62.42,73.88,5.73,Normal,High Risk
CNH Industrial N.V.,19.82,21.09,14.27,12.93,68.11,62.39,73.83,5.72,Normal,High Risk
Karman Holdings Inc.,9.77,21.02,21.3,15.95,68.04,62.32,73.76,5.72,Normal,High Risk
"BXP, Inc.",16.84,16.56,13.82,20.75,67.97,62.25,73.69,5.72,Normal,High Risk
AMERICAN FINANCIAL GROUP INC,20.47,14.64,15.88,16.84,67.83,62.12,73.54,5.71,Normal,High Risk
"Intercontinental Exchange, Inc.",19.2,1.82,22.91,23.8,67.73,62.02,73.44,5.71,Normal,High Risk
CITIGROUP INC,20.35,9.33,16.19,21.81,67.68,61.97,73.39,5.71,Normal,High Risk
Warner Music Group Corp.,22.46,16.5,16.46,12.21,67.63,61.92,73.34,5.71,Normal,High Risk
"Fidelity National Information Services, Inc.",12.79,20.3,19.1,15.4,67.59,61.89,73.29,5.7,Normal,High Risk
"Guardant Health, Inc.",23.39,24.52,8.2,11.28,67.39,61.69,73.09,5.7,Normal,High Risk
PINNACLE WEST CAPITAL CORP,5.04,18.07,24.85,19.24,67.2,60.91,73.49,6.29,Normal,High Risk
ALBEMARLE CORP,12.38,23.87,15.36,15.53,67.14,60.85,73.43,6.29,Normal,High Risk
NORDSON CORP,24.28,6.69,22.21,13.96,67.14,60.85,73.43,6.29,Normal,High Risk
OSHKOSH CORP,22.74,20.82,17.3,5.93,66.79,60.52,73.06,6.27,Normal,High Risk
"XPO, Inc.",23.73,19.86,18.79,4.29,66.67,60.4,72.94,6.27,Normal,High Risk
CME GROUP INC.,20.64,1.58,19.92,24.49,66.63,60.96,72.3,5.67,Normal,High Risk
Viatris Inc,13.51,22.82,16.36,13.89,66.58,60.92,72.24,5.66,Normal,High Risk
TTM TECHNOLOGIES INC,24.62,18.45,17.18,6.14,66.39,60.13,72.65,6.26,ANOMALY,High Risk
AeroVironment Inc,24.88,0.12,23.75,17.52,66.27,59.42,73.12,6.85,ANOMALY,High Risk
REGAL REXNORD CORP,15.91,16.08,16.89,17.32,66.2,59.95,72.45,6.25,Normal,High Risk
Chubb Ltd,16.87,9.05,22.39,17.8,66.11,60.47,71.75,5.64,Normal,High Risk
WASTE MANAGEMENT INC,19.03,8.16,23.39,15.47,66.05,60.41,71.69,5.64,Normal,High Risk
"SPX Technologies, Inc.",24.73,14.4,18.45,8.3,65.88,59.64,72.12,6.24,ANOMALY,High Risk
"Ventas, Inc.",10.91,19.41,17.39,18.14,65.85,60.22,71.48,5.63,Normal,High Risk
"Air Products & Chemicals, Inc.",12.45,23.46,13.96,15.98,65.85,60.22,71.48,5.63,Normal,High Risk
Lumentum Holdings Inc.,17.59,17.04,8.64,22.33,65.6,59.98,71.22,5.62,Normal,High Risk
WYNN RESORTS LTD,23.59,19.17,12.24,10.49,65.49,59.87,71.11,5.62,Normal,High Risk
AMEREN CORP,2.91,18.62,24.85,19.1,65.48,59.26,71.7,6.22,Normal,High Risk
DAVITA INC.,22.7,18.79,18.14,5.8,65.43,59.81,71.05,5.62,Normal,High Risk
WESCO INTERNATIONAL INC,16.5,16.94,21.19,10.7,65.33,59.72,70.94,5.61,Normal,High Risk
MICROCHIP TECHNOLOGY INC,14.06,22.82,13.67,14.78,65.33,59.12,71.54,6.21,Normal,High Risk
EVERSOURCE ENERGY,1.92,23.42,21.62,18.0,64.96,58.76,71.16,6.2,Normal,Medium Risk
Avery Dennison Corp,23.53,16.8,20.76,3.64,64.73,58.54,70.92,6.19,Normal,Medium Risk
TPG Inc.,16.43,20.13,13.24,14.81,64.61,59.03,70.19,5.58,Normal,Medium Risk
Arthur J. Gallagher & Co.,15.64,1.17,23.08,24.59,64.48,58.9,70.06,5.58,Normal,Medium Risk
"UDR, Inc.",13.82,6.21,24.62,19.82,64.47,58.89,70.05,5.58,Normal,Medium Risk
"Affirm Holdings, Inc.",17.46,22.15,8.81,16.05,64.47,58.89,70.05,5.58,Normal,Medium Risk
"PENSKE AUTOMOTIVE GROUP, INC.",15.98,9.74,23.53,15.09,64.34,58.77,69.91,5.57,Normal,Medium Risk
BLUE OWL CAPITAL INC.,10.39,10.94,19.27,23.63,64.23,58.66,69.8,5.57,Normal,Medium Risk
"Cloudflare, Inc.",18.52,23.56,7.44,14.47,63.99,58.43,69.55,5.56,Normal,Medium Risk
PFIZER INC,12.72,12.65,22.67,15.84,63.88,58.32,69.44,5.56,Normal,Medium Risk
GE Vernova Inc.,19.55,12.31,23.05,8.88,63.79,57.64,69.94,6.15,Normal,Medium Risk
"WEC ENERGY GROUP, INC.",2.81,18.11,24.11,18.76,63.79,57.64,69.94,6.15,Normal,Medium Risk
FISERV INC,15.88,9.53,21.67,16.53,63.61,58.07,69.15,5.54,Normal,Medium Risk
"Waste Connections, Inc.",13.89,13.34,23.9,12.38,63.51,57.97,69.05,5.54,Normal,Medium Risk
Fortive Corp,19.51,15.81,18.21,9.95,63.48,57.34,69.62,6.14,Normal,Medium Risk
Performance Food Group Co,18.07,21.95,19.55,3.84,63.41,57.27,69.55,6.14,Normal,Medium Risk
Dell Technologies Inc.,23.32,19.31,17.8,2.78,63.21,57.68,68.74,5.53,Normal,Medium Risk
LAMAR ADVERTISING CO/NEW,20.51,17.25,22.53,2.91,63.2,57.07,69.33,6.13,Normal,Medium Risk
CINTAS CORP,22.98,0.75,19.65,19.75,63.13,57.0,69.26,6.13,Normal,Medium Risk
EAST WEST BANCORP INC,21.6,0.12,16.43,24.85,63.0,57.48,68.52,5.52,ANOMALY,Medium Risk
GENERAL MILLS INC,17.32,0.72,21.57,23.32,62.93,57.41,68.45,5.52,Normal,Medium Risk
FORD MOTOR CO,21.06,20.61,12.96,8.2,62.83,57.32,68.34,5.51,Normal,Medium Risk
TORO CO,24.88,12.76,19.02,6.04,62.7,56.59,68.81,6.11,ANOMALY,Medium Risk
"Diamondback Energy, Inc.",6.72,13.85,23.97,18.07,62.61,57.11,68.11,5.5,Normal,Medium Risk
US Foods Holding Corp.,16.32,22.09,23.83,0.31,62.55,57.05,68.05,5.5,ANOMALY,Medium Risk
Gen Digital Inc.,20.54,15.26,14.03,12.69,62.52,57.02,68.02,5.5,Normal,Medium Risk
"KINDER MORGAN, INC.",11.76,8.64,24.66,17.46,62.52,57.02,68.02,5.5,Normal,Medium Risk
NEXTERA ENERGY INC,16.12,2.16,20.99,23.18,62.45,56.95,67.95,5.5,Normal,Medium Risk
MORGAN STANLEY,20.35,2.06,16.19,23.77,62.37,56.88,67.86,5.49,Normal,Medium Risk
"Coeur Mining, Inc.",24.49,1.23,16.5,20.06,62.28,56.19,68.37,6.09,ANOMALY,Medium Risk
Elanco Animal Health Inc,10.25,23.63,13.75,14.61,62.24,56.75,67.73,5.49,Normal,Medium Risk
RPM INTERNATIONAL INC/DE/,23.9,12.0,18.93,7.3,62.13,56.04,68.22,6.09,Normal,Medium Risk
"Core & Main, Inc.",16.6,18.76,24.28,2.47,62.11,56.63,67.59,5.48,Normal,Medium Risk
ROYAL CARIBBEAN CRUISES LTD,18.38,0.38,19.86,23.42,62.04,56.56,67.52,5.48,ANOMALY,Medium Risk
FAIR ISAAC CORP,24.42,0.41,18.59,18.59,62.01,56.53,67.49,5.48,ANOMALY,Medium Risk
BANK OF AMERICA CORP /DE/,20.35,5.01,16.19,20.44,61.99,56.51,67.47,5.48,Normal,Medium Risk
"Leonardo DRS, Inc.",24.52,16.91,14.92,5.52,61.87,55.8,67.94,6.07,Normal,Medium Risk
Hilton Worldwide Holdings Inc.,24.01,12.96,18.18,6.62,61.77,56.3,67.24,5.47,Normal,Medium Risk
Sunoco LP,17.22,21.74,17.9,4.87,61.73,56.26,67.2,5.47,Normal,Medium Risk
GOLDMAN SACHS GROUP INC,20.35,0.27,16.19,24.85,61.66,56.19,67.13,5.47,ANOMALY,Medium Risk
"ESSEX PROPERTY TRUST, INC.",12.04,7.0,22.29,20.3,61.63,56.16,67.1,5.47,Normal,Medium Risk
ALLSTATE CORP,17.94,10.32,23.8,9.57,61.63,55.56,67.7,6.07,Normal,Medium Risk
General Motors Co,18.79,22.26,12.69,7.89,61.63,56.16,67.1,5.47,Normal,Medium Risk
REALTY INCOME CORP,8.44,8.33,22.02,22.74,61.53,56.07,66.99,5.46,Normal,Medium Risk
NEW YORK TIMES CO,24.88,7.82,19.65,9.09,61.44,55.38,67.5,6.06,ANOMALY,Medium Risk
"MADRIGAL PHARMACEUTICALS, INC.",10.73,24.85,5.49,20.34,61.41,55.95,66.87,5.46,ANOMALY,Medium Risk
BERKLEY W R CORP,19.0,13.0,14.23,15.12,61.35,55.9,66.8,5.45,Normal,Medium Risk
SCHWAB CHARLES CORP,21.88,2.78,13.0,23.53,61.19,55.74,66.64,5.45,Normal,Medium Risk
PROGRESSIVE CORP/OH/,18.35,12.17,23.87,6.72,61.11,55.07,67.15,6.04,Normal,Medium Risk
"DOLLAR TREE, INC.",19.17,24.18,13.37,4.32,61.04,55.6,66.48,5.44,Normal,Medium Risk
"BJ's Wholesale Club Holdings, Inc.",16.91,21.23,22.63,0.27,61.04,55.6,66.48,5.44,ANOMALY,Medium Risk
WATSCO INC,24.55,17.7,17.73,0.99,60.97,54.93,67.01,6.04,ANOMALY,Medium Risk
"Gaming & Leisure Properties, Inc.",13.96,1.85,23.94,21.19,60.94,55.5,66.38,5.44,Normal,Medium Risk
ARCH CAPITAL GROUP LTD.,16.46,6.28,21.26,16.8,60.8,55.37,66.23,5.43,Normal,Medium Risk
"QXO, Inc.",6.69,24.85,4.39,24.85,60.78,55.35,66.21,5.43,ANOMALY,Medium Risk
RAYMOND JAMES FINANCIAL INC,20.71,11.56,9.33,19.14,60.74,55.31,66.17,5.43,Normal,Medium Risk
MKS INC,16.26,17.22,14.85,12.41,60.74,55.31,66.17,5.43,Normal,Medium Risk
Carlyle Group Inc.,18.48,9.29,13.13,19.79,60.69,55.26,66.12,5.43,Normal,Medium Risk
Aon plc,19.72,3.33,19.38,18.04,60.47,55.05,65.89,5.42,Normal,Medium Risk
MARKEL GROUP INC.,17.42,11.42,13.85,17.7,60.39,54.97,65.81,5.42,Normal,Medium Risk
Smurfit Westrock plc,13.1,21.57,18.76,6.96,60.39,54.97,65.81,5.42,Normal,Medium Risk
BALL Corp,17.35,19.96,13.44,9.6,60.35,54.94,65.76,5.41,Normal,Medium Risk
EQUITY LIFESTYLE PROPERTIES INC,16.05,5.32,22.5,16.43,60.3,54.89,65.71,5.41,Normal,Medium Risk
DARDEN RESTAURANTS INC,19.79,16.02,20.34,4.12,60.27,54.86,65.68,5.41,Normal,Medium Risk
Crane Co,24.59,9.6,17.08,8.98,60.25,54.24,66.26,6.01,ANOMALY,Medium Risk
TD SYNNEX CORP,18.31,19.82,12.89,9.19,60.21,54.8,65.62,5.41,Normal,Medium Risk
"Essential Utilities, Inc.",9.43,5.52,24.11,21.09,60.15,54.14,66.16,6.01,Normal,Medium Risk
SERVICE CORP INTERNATIONAL,10.19,12.45,20.01,17.49,60.14,54.13,66.15,6.01,Normal,Medium Risk
LOWES COMPANIES INC,24.04,16.43,19.07,0.58,60.12,54.72,65.52,5.4,Normal,Medium Risk
W. P. Carey Inc.,11.52,4.8,21.47,22.29,60.08,54.68,65.48,5.4,Normal,Medium Risk
"Rivian Automotive, Inc. / DE",16.29,24.62,4.8,14.37,60.08,54.68,65.48,5.4,Normal,Medium Risk
COHERENT CORP.,7.78,19.68,9.77,22.84,60.07,54.67,65.47,5.4,Normal,Medium Risk
CVS HEALTH Corp,16.7,22.63,17.59,2.85,59.77,54.38,65.16,5.39,Normal,Medium Risk
"Confluent, Inc.",13.79,24.31,7.89,13.75,59.74,54.35,65.13,5.39,Normal,Medium Risk
PACKAGING CORP OF AMERICA,21.23,16.15,16.77,5.28,59.43,53.45,65.41,5.98,Normal,Medium Risk
Constellation Energy Corp,17.9,15.64,13.41,12.45,59.4,54.02,64.78,5.38,Normal,Medium Risk
AFLAC INC,18.0,6.72,14.47,20.2,59.39,54.01,64.77,5.38,Normal,Medium Risk
TAKE TWO INTERACTIVE SOFTWARE INC,18.66,24.59,7.41,8.71,59.37,54.0,64.74,5.37,Normal,Medium Risk
JPMORGAN CHASE & CO,20.35,5.21,16.19,17.59,59.34,53.97,64.71,5.37,Normal,Medium Risk
Strategy Inc,2.47,24.85,7.1,24.85,59.27,53.9,64.64,5.37,ANOMALY,Medium Risk
Marathon Petroleum Corp,17.15,11.9,15.98,14.13,59.16,53.79,64.53,5.37,Normal,Medium Risk
WATTS WATER TECHNOLOGIES INC,24.88,11.04,18.0,5.21,59.13,53.16,65.1,5.97,ANOMALY,Medium Risk
MID AMERICA APARTMENT COMMUNITIES INC.,10.36,7.17,22.57,19.03,59.13,53.76,64.5,5.37,Normal,Medium Risk
SBA COMMUNICATIONS CORP,19.75,2.74,19.65,16.98,59.12,53.16,65.08,5.96,Normal,Medium Risk
"Evergy, Inc.",4.39,10.73,24.54,19.41,59.07,53.11,65.03,5.96,Normal,Medium Risk
SS&C Technologies Holdings Inc,15.43,2.19,18.72,22.67,59.01,53.65,64.37,5.36,Normal,Medium Risk
CENTERPOINT ENERGY INC,3.05,13.55,23.75,18.52,58.87,52.92,64.82,5.95,Normal,Medium Risk
Extra Space Storage Inc.,10.32,4.25,22.7,21.54,58.81,53.46,64.16,5.35,Normal,Medium Risk
IQVIA HOLDINGS INC.,18.9,11.01,13.48,15.36,58.75,53.4,64.1,5.35,Normal,Medium Risk
"Cheniere Energy Partners, L.P.",23.15,4.63,22.36,8.61,58.75,53.4,64.1,5.35,Normal,Medium Risk
MSCI Inc.,24.18,0.86,15.84,17.73,58.61,53.27,63.95,5.34,Normal,Medium Risk
"ROCKWELL AUTOMATION, INC",20.16,11.81,17.52,9.02,58.51,52.57,64.45,5.94,Normal,Medium Risk
CAMDEN PROPERTY TRUST,10.22,0.12,23.18,24.85,58.37,53.04,63.7,5.33,ANOMALY,Medium Risk
DOMINOS PIZZA INC,24.88,12.93,20.4,0.12,58.33,53.0,63.66,5.33,ANOMALY,Medium Risk
Keurig Dr Pepper Inc.,11.32,12.38,18.66,15.88,58.24,52.91,63.57,5.33,Normal,Medium Risk
Bloom Energy Corp,19.86,24.11,2.26,12.0,58.23,52.9,63.56,5.33,Normal,Medium Risk
"Coca-Cola Consolidated, Inc.",23.77,16.67,16.84,0.93,58.21,52.88,63.54,5.33,Normal,Medium Risk
TRACTOR SUPPLY CO /DE/,18.62,17.42,20.51,1.65,58.2,52.87,63.53,5.33,Normal,Medium Risk
Invesco Ltd.,10.53,14.71,14.3,18.66,58.2,52.87,63.53,5.33,Normal,Medium Risk
Invitation Homes Inc.,9.5,6.55,21.71,20.23,57.99,52.67,63.31,5.32,Normal,Medium Risk
EQUIFAX INC,13.31,14.03,20.1,10.53,57.97,52.65,63.29,5.32,Normal,Medium Risk
ZEBRA TECHNOLOGIES CORP,12.48,16.84,20.2,8.26,57.78,52.47,63.09,5.31,Normal,Medium Risk
"Burlington Stores, Inc.",23.56,19.38,12.11,2.71,57.76,51.85,63.67,5.91,Normal,Medium Risk
MERCADOLIBRE INC,20.2,17.59,12.38,7.54,57.71,52.4,63.02,5.31,Normal,Medium Risk
Flutter Entertainment plc,15.6,12.86,12.93,16.32,57.71,51.8,63.62,5.91,Normal,Medium Risk
"QUANTA SERVICES, INC.",14.81,20.27,19.58,2.98,57.64,52.33,62.95,5.31,Normal,Medium Risk
HORMEL FOODS CORP /DE/,16.8,18.93,14.64,7.27,57.64,51.73,63.55,5.91,Normal,Medium Risk
MCCORMICK & CO INC,11.93,13.31,21.91,10.36,57.51,52.21,62.81,5.3,Normal,Medium Risk
Snowflake Inc.,15.53,24.42,4.05,13.51,57.51,52.21,62.81,5.3,Normal,Medium Risk
"American Healthcare REIT, Inc.",6.55,20.68,17.15,13.07,57.45,52.15,62.75,5.3,Normal,Medium Risk
SEMPRA,0.65,11.52,24.11,21.16,57.44,51.54,63.34,5.9,Normal,Medium Risk
"DT Midstream, Inc.",10.46,3.12,22.6,21.23,57.41,52.11,62.71,5.3,Normal,Medium Risk
"UNITED RENTALS, INC.",16.67,10.01,20.64,10.08,57.4,52.1,62.7,5.3,Normal,Medium Risk
AUTOMATIC DATA PROCESSING INC,21.43,7.48,14.61,13.85,57.37,52.08,62.66,5.29,Normal,Medium Risk
DEERE & CO,18.42,13.92,12.17,12.72,57.23,51.94,62.52,5.29,Normal,Medium Risk
TransDigm Group INC,24.14,5.86,13.34,13.82,57.16,51.87,62.45,5.29,Normal,Medium Risk
JABIL INC,22.36,21.33,11.56,1.89,57.14,51.85,62.43,5.29,Normal,Medium Risk
"HCA Healthcare, Inc.",18.21,15.84,20.47,2.61,57.13,51.84,62.42,5.29,Normal,Medium Risk
AGREE REALTY CORP,6.07,4.66,23.32,23.01,57.06,51.78,62.34,5.28,Normal,Medium Risk
UNION PACIFIC CORP,17.73,2.91,20.13,16.22,56.99,51.71,62.27,5.28,Normal,Medium Risk
CATERPILLAR INC,19.07,20.03,10.67,7.2,56.97,51.69,62.25,5.28,Normal,Medium Risk
"HOME DEPOT, INC.",22.63,6.14,21.09,7.03,56.89,51.61,62.17,5.28,Normal,Medium Risk
"Builders FirstSource, Inc.",14.03,20.95,19.89,1.99,56.86,51.59,62.13,5.27,Normal,Medium Risk
"Zscaler, Inc.",17.28,23.18,3.22,13.13,56.81,51.54,62.08,5.27,Normal,Medium Risk
PAYCHEX INC,18.18,13.07,10.53,14.99,56.77,51.5,62.04,5.27,Normal,Medium Risk
Wayfair Inc.,24.31,23.8,6.79,1.85,56.75,51.48,62.02,5.27,ANOMALY,Medium Risk
Aramark,16.98,21.5,15.0,3.16,56.64,50.77,62.51,5.87,Normal,Medium Risk
ANTERO RESOURCES Corp,7.37,12.24,23.46,13.55,56.62,51.36,61.88,5.26,Normal,Medium Risk
TEVA PHARMACEUTICAL INDUSTRIES LTD,19.58,0.89,11.87,24.21,56.55,51.29,61.81,5.26,Normal,Medium Risk
RENAISSANCERE HOLDINGS LTD,14.95,6.89,17.46,17.08,56.38,51.12,61.64,5.26,Normal,Medium Risk
EQUINIX INC,15.02,6.07,15.12,20.16,56.37,51.12,61.62,5.25,Normal,Medium Risk
CARRIER GLOBAL Corp,14.27,17.76,15.05,9.22,56.3,51.05,61.55,5.25,Normal,Medium Risk
"SoFi Technologies, Inc.",19.24,1.34,11.01,24.69,56.28,51.03,61.53,5.25,Normal,Medium Risk
HUNT J B TRANSPORT SERVICES INC,11.63,16.32,23.59,4.73,56.27,51.02,61.52,5.25,Normal,Medium Risk
Otis Worldwide Corp,24.21,15.29,14.81,1.95,56.26,51.01,61.51,5.25,Normal,Medium Risk
DOVER Corp,16.74,1.61,17.08,20.82,56.25,50.4,62.1,5.85,Normal,Medium Risk
RTX Corp,13.72,16.36,14.54,11.63,56.25,51.0,61.5,5.25,Normal,Medium Risk
ARES CAPITAL CORP,11.39,9.57,18.52,16.63,56.11,49.67,62.55,6.44,Normal,Medium Risk
LOCKHEED MARTIN CORP,21.5,17.97,13.99,2.54,56.0,50.76,61.24,5.24,Normal,Medium Risk
CACI INTERNATIONAL INC /DE/,11.59,13.61,20.37,10.39,55.96,50.72,61.2,5.24,Normal,Medium Risk
Ovintiv Inc.,8.54,11.08,23.66,12.62,55.9,50.66,61.14,5.24,Normal,Medium Risk
KIMCO REALTY CORP,8.85,4.94,20.44,21.67,55.9,50.66,61.14,5.24,Normal,Medium Risk
WEYERHAEUSER CO,7.85,19.44,15.5,13.1,55.89,50.65,61.13,5.24,Normal,Medium Risk
"NRG ENERGY, INC.",22.77,21.12,8.5,3.4,55.79,50.56,61.02,5.23,Normal,Medium Risk
"Mondelez International, Inc.",14.85,18.21,12.65,10.05,55.76,50.53,60.99,5.23,Normal,Medium Risk
KROGER CO,20.23,22.05,13.1,0.38,55.76,50.53,60.99,5.23,ANOMALY,Medium Risk
CLOROX CO /DE/,22.29,11.66,18.69,3.09,55.73,50.5,60.96,5.23,Normal,Medium Risk
Synchrony Financial,20.75,2.33,9.43,23.15,55.66,50.43,60.89,5.23,Normal,Medium Risk
"ZIMMER BIOMET HOLDINGS, INC.",8.47,16.05,16.63,14.51,55.66,50.43,60.89,5.23,Normal,Medium Risk
"NASDAQ, INC.",13.68,2.47,18.9,20.58,55.63,50.4,60.86,5.23,Normal,Medium Risk
AT&T INC.,15.36,9.02,15.26,15.91,55.55,50.33,60.77,5.22,Normal,Medium Risk
INTERNATIONAL FLAVORS & FRAGRANCES INC,6.24,20.64,15.78,12.83,55.49,49.67,61.31,5.82,Normal,Medium Risk
"STANLEY BLACK & DECKER, INC.",8.16,21.3,19.22,6.76,55.44,49.62,61.26,5.82,Normal,Medium Risk
"IonQ, Inc.",7.54,24.49,4.49,18.9,55.42,50.2,60.64,5.22,Normal,Medium Risk
MARTIN MARIETTA MATERIALS INC,8.92,8.26,22.87,15.33,55.38,50.16,60.6,5.22,Normal,Medium Risk
CINCINNATI FINANCIAL CORP,13.99,8.02,17.76,15.6,55.37,50.16,60.58,5.21,Normal,Medium Risk
OMEGA HEALTHCARE INVESTORS INC,8.78,1.95,23.22,21.4,55.35,50.14,60.56,5.21,Normal,Medium Risk
"Joby Aviation, Inc.",3.36,24.85,2.57,24.55,55.33,50.12,60.54,5.21,ANOMALY,Medium Risk
Cigna Group,17.7,21.64,15.16,0.82,55.32,50.11,60.53,5.21,Normal,Medium Risk
EQUITY RESIDENTIAL,8.5,2.5,23.29,20.99,55.28,50.07,60.49,5.21,Normal,Medium Risk
"W.W. GRAINGER, INC.",23.46,15.33,15.95,0.48,55.22,49.41,61.03,5.81,Normal,Medium Risk
MOOG INC.,11.56,18.38,20.16,5.08,55.18,49.97,60.39,5.21,Normal,Medium Risk
3M CO,21.02,11.93,14.4,7.82,55.17,49.96,60.38,5.21,Normal,Medium Risk
Solstice Advanced Materials Inc.,18.55,18.48,10.94,7.17,55.14,49.93,60.35,5.21,Normal,Medium Risk
MP Materials Corp. / DE,6.48,24.35,1.65,22.6,55.08,49.88,60.28,5.2,Normal,Medium Risk
WELLTOWER INC.,6.04,21.78,7.27,19.86,54.95,49.75,60.15,5.2,Normal,Low Risk
STARBUCKS CORP,23.97,19.07,8.95,2.95,54.94,49.74,60.14,5.2,Normal,Low Risk
NISOURCE INC.,4.12,7.89,22.21,20.68,54.9,49.1,60.7,5.8,Normal,Low Risk
FASTENAL CO,24.35,10.15,19.22,1.13,54.85,49.06,60.64,5.79,ANOMALY,Low Risk
"DICK'S SPORTING GOODS, INC.",21.95,22.33,8.26,2.3,54.84,49.05,60.63,5.79,Normal,Low Risk
NORFOLK SOUTHERN CORP,15.19,4.87,17.22,17.42,54.7,49.51,59.89,5.19,Normal,Low Risk
"Nutanix, Inc.",23.87,17.11,7.82,5.83,54.63,49.44,59.82,5.19,Normal,Low Risk
"Cheniere Energy, Inc.",17.49,5.11,18.96,13.03,54.59,49.41,59.77,5.18,Normal,Low Risk
JACOBS SOLUTIONS INC.,20.1,21.91,10.49,2.06,54.56,48.78,60.34,5.78,Normal,Low Risk
UNIVERSAL HEALTH SERVICES INC,13.75,16.12,21.62,3.05,54.54,48.76,60.32,5.78,Normal,Low Risk
LPL Financial Holdings Inc.,17.01,19.03,13.89,4.6,54.53,49.35,59.71,5.18,Normal,Low Risk
"TAPESTRY, INC.",20.99,20.75,7.85,4.84,54.43,49.25,59.61,5.18,Normal,Low Risk
Booking Holdings Inc.,23.83,22.39,3.43,4.56,54.21,49.04,59.38,5.17,Normal,Low Risk
MASTEC INC,15.4,21.16,16.05,1.58,54.19,49.02,59.36,5.17,Normal,Low Risk
"COOPER COMPANIES, INC.",5.28,10.67,19.79,18.42,54.16,48.99,59.33,5.17,Normal,Low Risk
METTLER TOLEDO INTERNATIONAL INC/,23.29,6.58,21.02,3.22,54.11,48.95,59.27,5.16,Normal,Low Risk
TopBuild Corp,15.05,6.45,18.11,14.44,54.05,48.89,59.21,5.16,Normal,Low Risk
Phillips 66,12.86,20.47,19.96,0.72,54.01,48.85,59.17,5.16,Normal,Low Risk
HOLOGIC INC,23.35,11.11,7.37,12.14,53.97,48.21,59.73,5.76,Normal,Low Risk
"Natera, Inc.",4.53,24.69,2.23,22.5,53.95,48.79,59.11,5.16,ANOMALY,Low Risk
AVALONBAY COMMUNITIES INC,9.02,3.09,21.16,20.64,53.91,48.75,59.07,5.16,Normal,Low Risk
CSX CORP,16.63,4.9,15.43,16.94,53.9,48.74,59.06,5.16,Normal,Low Risk
BENTLEY SYSTEMS INC,15.5,2.64,17.35,18.38,53.87,48.72,59.02,5.15,Normal,Low Risk
GoDaddy Inc.,23.8,8.81,12.6,8.64,53.85,48.1,59.6,5.75,Normal,Low Risk
HERSHEY CO,15.29,14.09,15.33,9.12,53.83,48.68,58.98,5.15,Normal,Low Risk
BERKSHIRE HATHAWAY INC,14.47,9.67,15.67,14.01,53.82,48.67,58.97,5.15,Normal,Low Risk
DTE ENERGY CO,2.54,13.27,20.56,17.39,53.76,48.01,59.51,5.75,Normal,Low Risk
QUEST DIAGNOSTICS INC,12.59,15.88,17.87,7.41,53.75,48.0,59.5,5.75,Normal,Low Risk
"L3HARRIS TECHNOLOGIES, INC. /DE/",10.7,5.35,17.56,20.1,53.71,48.56,58.86,5.15,Normal,Low Risk
YUM BRANDS INC,24.38,7.92,17.7,3.7,53.7,48.55,58.85,5.15,Normal,Low Risk
ROPER TECHNOLOGIES INC,7.61,7.65,20.82,17.56,53.64,48.49,58.79,5.15,Normal,Low Risk
TENET HEALTHCARE CORP,16.56,18.55,9.95,8.47,53.53,48.39,58.67,5.14,Normal,Low Risk
Kenvue Inc.,13.34,15.12,15.29,9.71,53.46,48.32,58.6,5.14,Normal,Low Risk
GRACO INC,24.88,5.9,15.19,7.24,53.21,47.48,58.94,5.73,ANOMALY,Low Risk
PG&E Corp,0.48,19.2,14.13,19.38,53.19,47.46,58.92,5.73,Normal,Low Risk
FRANKLIN RESOURCES INC,11.9,15.78,6.21,19.2,53.09,47.97,58.21,5.12,Normal,Low Risk
Vulcan Materials CO,9.57,11.18,20.61,11.73,53.09,47.97,58.21,5.12,Normal,Low Risk
Philip Morris International Inc.,23.66,4.6,15.64,9.16,53.06,47.94,58.18,5.12,Normal,Low Risk
INTERNATIONAL BUSINESS MACHINES CORP,19.1,9.88,11.45,12.55,52.98,47.86,58.1,5.12,Normal,Low Risk
Encompass Health Corp,11.21,15.23,21.12,5.32,52.88,47.76,58.0,5.12,Normal,Low Risk
GENUINE PARTS CO,8.64,22.7,18.62,2.88,52.84,47.13,58.55,5.71,Normal,Low Risk
RB GLOBAL INC.,9.95,15.47,13.31,14.06,52.79,47.68,57.9,5.11,Normal,Low Risk
"TKO Group Holdings, Inc.",6.93,19.75,10.39,15.67,52.74,47.63,57.85,5.11,Normal,Low Risk
PEPSICO INC,19.65,15.95,12.04,5.01,52.65,47.54,57.76,5.11,Normal,Low Risk
"CROWN HOLDINGS, INC.",15.23,18.24,13.79,5.38,52.64,46.93,58.35,5.71,Normal,Low Risk
EQT Corp,5.52,5.83,22.98,18.28,52.61,47.51,57.71,5.1,Normal,Low Risk
"CBRE GROUP, INC.",16.15,20.99,13.27,2.19,52.6,47.5,57.7,5.1,Normal,Low Risk
COLGATE PALMOLIVE CO,23.18,11.39,13.72,4.22,52.51,47.41,57.61,5.1,Normal,Low Risk
CORNING INC /NY,13.41,14.68,13.61,10.77,52.47,47.37,57.57,5.1,Normal,Low Risk
"C. H. ROBINSON WORLDWIDE, INC.",14.71,20.1,17.49,0.12,52.42,47.32,57.52,5.1,ANOMALY,Low Risk
XCEL ENERGY INC,1.2,8.98,21.83,20.4,52.41,46.71,58.11,5.7,Normal,Low Risk
LABCORP HOLDINGS INC.,10.94,18.28,16.98,6.1,52.3,47.21,57.39,5.09,Normal,Low Risk
"BlackRock, Inc.",14.88,2.37,12.0,22.87,52.12,47.04,57.2,5.08,Normal,Low Risk
American Homes 4 Rent,7.41,1.27,20.95,22.43,52.06,46.38,57.74,5.68,Normal,Low Risk
"CF Industries Holdings, Inc.",15.67,6.48,19.02,10.87,52.04,46.36,57.72,5.68,Normal,Low Risk
"Western Midstream Partners, LP",17.39,3.81,14.09,16.74,52.03,46.95,57.11,5.08,Normal,Low Risk
MASIMO CORP,12.35,23.97,9.22,6.45,51.99,46.91,57.07,5.08,Normal,Low Risk
"Prologis, Inc.",7.34,2.71,19.48,22.46,51.99,46.91,57.07,5.08,Normal,Low Risk
"American Water Works Company, Inc.",4.15,2.85,22.33,22.63,51.96,46.28,57.64,5.68,Normal,Low Risk
LENNOX INTERNATIONAL INC,17.18,9.91,22.46,2.4,51.95,46.87,57.03,5.08,Normal,Low Risk
Ferguson Enterprises Inc. /DE/,15.74,18.59,16.74,0.86,51.93,46.85,57.01,5.08,Normal,Low Risk
Medtronic plc,9.22,11.15,17.25,14.27,51.89,46.81,56.97,5.08,Normal,Low Risk
"Robinhood Markets, Inc.",18.59,2.43,9.4,21.47,51.89,46.81,56.97,5.08,Normal,Low Risk
WILLIS TOWERS WATSON PLC,17.52,9.43,9.57,15.29,51.81,46.74,56.88,5.07,Normal,Low Risk
Mastercard Inc,20.68,15.4,6.89,8.81,51.78,46.71,56.85,5.07,Normal,Low Risk
FREEPORT-MCMORAN INC,9.12,20.23,9.91,12.52,51.78,46.11,57.45,5.67,Normal,Low Risk
CARLISLE COMPANIES INC,24.25,10.49,11.32,5.66,51.72,46.05,57.39,5.67,Normal,Low Risk
"MACOM Technology Solutions Holdings, Inc.",6.28,23.73,9.84,11.83,51.68,46.61,56.75,5.07,Normal,Low Risk
TransUnion,12.93,14.81,10.63,13.27,51.64,46.57,56.71,5.07,Normal,Low Risk
WESTINGHOUSE AIR BRAKE TECHNOLOGIES CORP,9.74,2.09,18.04,21.74,51.61,46.55,56.67,5.06,Normal,Low Risk
LAS VEGAS SANDS CORP,22.15,12.48,7.92,9.05,51.6,46.54,56.66,5.06,Normal,Low Risk
Fox Corp,7.13,18.04,18.26,8.09,51.52,44.66,58.38,6.86,Normal,Low Risk
ECOLAB INC.,13.44,12.11,17.94,8.02,51.51,46.45,56.57,5.06,Normal,Low Risk
PUBLIC SERVICE ENTERPRISE GROUP INC,2.37,9.09,21.83,18.11,51.4,45.74,57.06,5.66,Normal,Low Risk
DraftKings Inc.,20.85,22.82,5.66,2.02,51.35,46.3,56.4,5.05,Normal,Low Risk
"PayPal Holdings, Inc.",18.04,9.84,10.25,13.2,51.33,46.28,56.38,5.05,Normal,Low Risk
RANGE RESOURCES CORP,7.44,6.76,24.04,12.96,51.2,46.15,56.25,5.05,Normal,Low Risk
UNITEDHEALTH GROUP INC,15.78,20.06,11.35,3.94,51.13,46.08,56.18,5.05,Normal,Low Risk
CMS ENERGY CORP,3.67,12.41,17.08,17.9,51.06,45.42,56.7,5.64,Normal,Low Risk
ATMOS ENERGY CORP,5.25,5.42,20.76,19.62,51.05,45.41,56.69,5.64,Normal,Low Risk
WESTLAKE CORP,11.08,24.04,6.28,9.64,51.04,46.0,56.08,5.04,Normal,Low Risk
Aptiv PLC,13.13,22.53,10.32,5.04,51.02,45.98,56.06,5.04,Normal,Low Risk
"HASBRO, INC.",21.81,23.77,1.34,4.01,50.93,45.89,55.97,5.04,ANOMALY,Low Risk
"ILLUMINA, INC.",24.11,7.58,11.2,7.99,50.88,45.24,56.52,5.64,Normal,Low Risk
RBC Bearings INC,5.69,10.22,20.23,14.71,50.85,45.82,55.88,5.03,Normal,Low Risk
JONES LANG LASALLE INC,12.28,20.78,16.32,1.44,50.82,45.79,55.85,5.03,Normal,Low Risk
Atlassian Corp,18.86,23.66,3.12,5.11,50.75,45.72,55.78,5.03,Normal,Low Risk
Royalty Pharma plc,10.12,3.57,15.74,21.3,50.73,45.7,55.76,5.03,Normal,Low Risk
CUMMINS INC,13.61,20.71,12.41,3.81,50.54,45.52,55.56,5.02,Normal,Low Risk
Public Storage,11.28,2.81,19.31,17.11,50.51,45.49,55.53,5.02,Normal,Low Risk
"REPUBLIC SERVICES, INC.",4.32,13.51,22.79,9.88,50.5,44.88,56.12,5.62,Normal,Low Risk
Permian Resources Corp,5.83,8.23,20.3,16.12,50.48,45.46,55.5,5.02,Normal,Low Risk
PENTAIR plc,7.92,1.2,19.75,21.6,50.47,45.45,55.49,5.02,Normal,Low Risk
CHEVRON CORP,7.1,18.14,15.91,9.26,50.41,45.39,55.43,5.02,Normal,Low Risk
ALLIANT ENERGY CORP,6.41,8.2,16.29,19.44,50.34,44.73,55.95,5.61,Normal,Low Risk
Coterra Energy Inc.,6.65,6.04,22.15,15.5,50.34,45.33,55.35,5.01,Normal,Low Risk
AECOM,18.93,20.37,8.71,2.16,50.17,45.16,55.18,5.01,Normal,Low Risk
"HUNTINGTON INGALLS INDUSTRIES, INC.",13.37,19.27,13.58,3.91,50.13,45.12,55.14,5.01,Normal,Low Risk
Roivant Sciences Ltd.,0.31,24.85,0.12,24.85,50.13,45.12,55.14,5.01,ANOMALY,Low Risk
GE HealthCare Technologies Inc.,17.11,14.75,8.57,9.67,50.1,45.1,55.1,5.0,Normal,Low Risk
ONEOK INC /NEW/,1.82,10.39,22.79,15.02,50.02,44.42,55.62,5.6,Normal,Low Risk
VICI PROPERTIES INC.,6.79,1.47,19.14,22.57,49.97,44.97,54.97,5.0,Normal,Low Risk
"Chewy, Inc.",22.26,20.51,7.06,0.12,49.95,44.95,54.95,5.0,ANOMALY,Low Risk
"COSTAR GROUP, INC.",3.12,22.43,1.89,22.39,49.83,44.82,54.84,5.01,Normal,Low Risk
GARTNER INC,22.94,2.98,7.0,16.91,49.83,44.82,54.84,5.01,Normal,Low Risk
"StandardAero, Inc.",13.07,19.48,12.76,4.49,49.8,44.19,55.41,5.61,Normal,Low Risk
BRISTOL MYERS SQUIBB CO,19.27,10.63,9.74,10.15,49.79,44.78,54.8,5.01,Normal,Low Risk
EASTGROUP PROPERTIES INC,5.9,0.6,22.43,20.85,49.78,44.17,55.39,5.61,Normal,Low Risk
MASCO CORP /DE/,23.22,14.2,10.73,1.54,49.69,44.68,54.7,5.01,Normal,Low Risk
"AXON ENTERPRISE, INC.",11.18,19.65,5.25,13.58,49.66,44.65,54.67,5.01,Normal,Low Risk
"FIVE BELOW, INC",12.65,18.18,13.92,4.8,49.55,44.53,54.57,5.02,Normal,Low Risk
Palo Alto Networks Inc,15.57,1.92,9.64,22.26,49.39,44.37,54.41,5.02,Normal,Low Risk
EXPEDITORS INTERNATIONAL OF WASHINGTON INC,24.45,13.2,9.98,1.71,49.34,43.71,54.97,5.63,ANOMALY,Low Risk
Symbotic Inc.,19.41,23.08,2.47,4.36,49.32,44.29,54.35,5.03,Normal,Low Risk
Parker-Hannifin Corp,11.11,7.41,19.17,11.39,49.08,44.04,54.12,5.04,Normal,Low Risk
MPLX LP,15.26,3.88,14.16,15.78,49.08,44.04,54.12,5.04,Normal,Low Risk
"Datadog, Inc.",7.99,20.58,10.05,10.43,49.05,44.01,54.09,5.04,Normal,Low Risk
APA Corp,11.04,8.85,16.89,12.17,48.95,43.31,54.59,5.64,Normal,Low Risk
"Texas Roadhouse, Inc.",12.69,19.51,15.71,0.96,48.87,43.82,53.92,5.05,Normal,Low Risk
"Celsius Holdings, Inc.",7.65,16.39,8.09,16.67,48.8,43.75,53.85,5.05,Normal,Low Risk
TWILIO INC,3.02,17.04,4.77,23.97,48.8,43.75,53.85,5.05,Normal,Low Risk
DYCOM INDUSTRIES INC,16.19,3.16,8.47,20.92,48.74,43.69,53.79,5.05,Normal,Low Risk
"REVVITY, INC.",7.0,17.28,8.06,16.36,48.7,43.65,53.75,5.05,Normal,Low Risk
Targa Resources Corp.,6.38,13.48,21.23,7.61,48.7,43.05,54.35,5.65,Normal,Low Risk
Medline Inc.,9.88,19.89,12.52,6.38,48.67,43.62,53.72,5.05,Normal,Low Risk
GENERAC HOLDINGS INC.,10.8,20.16,11.42,6.21,48.59,43.53,53.65,5.06,Normal,Low Risk
ON SEMICONDUCTOR CORP,6.58,16.46,4.01,21.5,48.55,43.49,53.61,5.06,Normal,Low Risk
REGENCY CENTERS CORP,8.37,3.36,15.47,21.33,48.53,42.87,54.19,5.66,Normal,Low Risk
Booz Allen Hamilton Holding Corp,20.88,16.77,9.81,1.06,48.52,43.46,53.58,5.06,Normal,Low Risk
"WILLIAMS COMPANIES, INC.",2.23,6.34,21.5,18.45,48.52,42.86,54.18,5.66,Normal,Low Risk
Samsara Inc.,9.26,23.94,6.72,8.57,48.49,43.43,53.55,5.06,Normal,Low Risk
ILLINOIS TOOL WORKS INC,12.76,18.0,13.03,4.7,48.49,42.23,54.75,6.26,Normal,Low Risk
Monster Beverage Corp,22.81,13.17,7.03,5.35,48.36,42.09,54.63,6.27,Normal,Low Risk
AKAMAI TECHNOLOGIES INC,12.11,8.69,9.71,17.83,48.34,43.27,53.41,5.07,Normal,Low Risk
FLEX LTD.,17.56,20.92,8.54,1.23,48.25,43.18,53.32,5.07,Normal,Low Risk
VERISIGN INC/CA,24.69,7.78,13.2,2.57,48.24,43.17,53.31,5.07,ANOMALY,Low Risk
APi Group Corp,14.16,20.2,8.85,4.94,48.15,43.08,53.22,5.07,Normal,Low Risk
Paramount Skydance Corp,3.43,23.59,4.89,16.08,47.99,42.31,53.67,5.68,Normal,Low Risk
TRIMBLE INC.,6.34,13.79,14.51,13.34,47.98,42.9,53.06,5.08,Normal,Low Risk
CASEYS GENERAL STORES INC,12.31,20.4,14.71,0.55,47.97,42.89,53.05,5.08,Normal,Low Risk
BECTON DICKINSON & CO,2.43,16.87,15.0,13.65,47.95,42.27,53.63,5.68,Normal,Low Risk
Duke Energy CORP,0.38,5.45,20.01,22.09,47.93,42.25,53.61,5.68,Normal,Low Risk
"Elevance Health, Inc.",14.78,21.06,11.04,1.03,47.91,42.83,52.99,5.08,Normal,Low Risk
"CHARTER COMMUNICATIONS, INC. /MO/",0.45,15.6,17.3,14.54,47.89,42.21,53.57,5.68,Normal,Low Risk
GENERAL ELECTRIC CO,20.58,7.96,4.66,14.64,47.84,42.75,52.93,5.09,Normal,Low Risk
HUMANA INC,14.75,22.46,10.19,0.41,47.81,42.72,52.9,5.09,Normal,Low Risk
"Everpure, Inc.",15.81,20.34,6.0,5.62,47.77,42.68,52.86,5.09,Normal,Low Risk
"BROADRIDGE FINANCIAL SOLUTIONS, INC.",16.22,7.24,12.83,11.42,47.71,42.62,52.8,5.09,Normal,Low Risk
INTERNATIONAL PAPER CO /NEW/,3.84,24.01,11.15,8.5,47.5,41.8,53.2,5.7,Normal,Low Risk
"DIGITAL REALTY TRUST, INC.",9.84,6.65,9.88,21.12,47.49,42.39,52.59,5.1,Normal,Low Risk
Seagate Technology Holdings plc,23.49,7.37,12.07,4.53,47.46,42.36,52.56,5.1,Normal,Low Risk
O REILLY AUTOMOTIVE INC,12.24,10.91,20.92,3.26,47.33,41.62,53.04,5.71,Normal,Low Risk
"BWX Technologies, Inc.",17.08,7.61,8.88,13.61,47.18,42.07,52.29,5.11,Normal,Low Risk
Veralto Corp,23.94,9.22,7.17,6.65,46.98,41.26,52.7,5.72,Normal,Low Risk
NORTHROP GRUMMAN CORP /DE/,15.84,14.92,10.8,5.42,46.98,41.86,52.1,5.12,Normal,Low Risk
CHIPOTLE MEXICAN GRILL INC,16.08,12.14,16.6,2.09,46.91,41.79,52.03,5.12,Normal,Low Risk
TEXTRON INC,12.07,18.42,10.97,5.45,46.91,41.79,52.03,5.12,Normal,Low Risk
CENTENE CORP,17.8,23.22,5.35,0.45,46.82,41.69,51.95,5.13,ANOMALY,Low Risk
"ALTRIA GROUP, INC.",23.63,4.01,11.39,7.78,46.81,41.68,51.94,5.13,Normal,Low Risk
"Figma, Inc.",5.93,24.85,3.67,12.31,46.76,41.63,51.89,5.13,ANOMALY,Low Risk
"Workday, Inc.",12.21,3.6,9.53,21.36,46.7,41.57,51.83,5.13,Normal,Low Risk
AES CORP,2.74,17.18,9.48,17.28,46.68,40.95,52.41,5.73,Normal,Low Risk
"ALNYLAM PHARMACEUTICALS, INC.",20.13,4.05,4.22,18.18,46.58,41.44,51.72,5.14,Normal,Low Risk
HEICO CORP,7.75,10.12,18.38,10.22,46.47,41.33,51.61,5.14,Normal,Low Risk
CELESTICA INC,16.39,17.94,11.25,0.89,46.47,41.33,51.61,5.14,Normal,Low Risk
EXXON MOBIL CORP,7.03,15.36,16.39,7.68,46.46,41.32,51.6,5.14,Normal,Low Risk
Blackstone Inc.,11.35,6.86,12.45,15.74,46.4,41.26,51.54,5.14,Normal,Low Risk
"CISCO SYSTEMS, INC.",14.13,6.96,11.69,13.44,46.22,41.07,51.37,5.15,Normal,Low Risk
"DuPont de Nemours, Inc.",5.59,23.49,12.86,4.25,46.19,41.04,51.34,5.15,Normal,Low Risk
CRH PUBLIC LTD CO,11.97,14.88,10.87,8.13,45.85,40.68,51.02,5.17,Normal,Low Risk
"BridgeBio Pharma, Inc.",24.66,0.31,7.99,12.89,45.85,40.08,51.62,5.77,ANOMALY,Low Risk
HALLIBURTON CO,12.52,17.35,9.26,6.58,45.71,40.54,50.88,5.17,Normal,Low Risk
PPG INDUSTRIES INC,14.68,14.51,9.12,7.34,45.65,40.48,50.82,5.17,Normal,Low Risk
Liberty Media Corp,8.57,17.46,9.29,10.32,45.64,40.47,50.81,5.17,Normal,Low Risk
ATI INC,14.4,15.05,10.43,5.73,45.61,40.43,50.79,5.18,Normal,Low Risk
Rocket Lab Corp,4.05,24.38,0.58,16.6,45.61,40.43,50.79,5.18,ANOMALY,Low Risk
BEST BUY CO INC,14.92,21.6,8.74,0.34,45.6,39.82,51.38,5.78,ANOMALY,Low Risk
S&P Global Inc.,7.2,1.41,14.78,22.15,45.54,40.36,50.72,5.18,Normal,Low Risk
PLAINS ALL AMERICAN PIPELINE LP,4.9,20.54,18.55,1.47,45.46,40.28,50.64,5.18,Normal,Low Risk
CURTISS WRIGHT CORP,10.43,7.3,15.6,12.04,45.37,40.18,50.56,5.19,Normal,Low Risk
BORGWARNER INC,13.03,21.88,6.93,3.5,45.34,40.15,50.53,5.19,Normal,Low Risk
CHURCH & DWIGHT CO INC /DE/,11.69,13.13,13.55,6.89,45.26,40.07,50.45,5.19,Normal,Low Risk
STERIS plc,5.62,13.65,15.81,10.12,45.2,40.01,50.39,5.19,Normal,Low Risk
Solventum Corp,14.99,8.13,12.79,9.29,45.2,40.01,50.39,5.19,Normal,Low Risk
SLB LIMITED/NV,10.08,13.75,11.52,9.81,45.16,39.97,50.35,5.19,Normal,Low Risk
"NetApp, Inc.",22.02,7.85,5.8,9.43,45.1,39.9,50.3,5.2,Normal,Low Risk
PPL Corp,3.16,11.76,11.61,18.55,45.08,39.28,50.88,5.8,Normal,Low Risk
CADENCE DESIGN SYSTEMS INC,22.6,6.82,5.28,10.29,44.99,39.19,50.79,5.8,Normal,Low Risk
Apple Inc.,19.31,8.5,10.84,6.34,44.99,39.79,50.19,5.2,Normal,Low Risk
PROCTER & GAMBLE Co,12.62,7.99,16.53,7.72,44.86,39.65,50.07,5.21,Normal,Low Risk
"Coupang, Inc.",17.87,22.6,3.6,0.62,44.69,39.48,49.9,5.21,Normal,Low Risk
AUTOZONE INC,9.53,11.69,19.44,3.98,44.64,38.83,50.45,5.81,Normal,Low Risk
"HOST HOTELS & RESORTS, INC.",9.4,10.87,11.11,13.24,44.62,39.4,49.84,5.22,Normal,Low Risk
"CrowdStrike Holdings, Inc.",13.17,23.29,1.68,6.48,44.62,39.4,49.84,5.22,Normal,Low Risk
Broadcom Inc.,10.77,4.42,8.16,21.26,44.61,39.39,49.83,5.22,Normal,Low Risk
"Autodesk, Inc.",18.45,9.95,6.76,9.4,44.56,38.74,50.38,5.82,Normal,Low Risk
Alcoa Corp,14.09,15.74,8.98,5.69,44.5,39.28,49.72,5.22,Normal,Low Risk
SHERWIN WILLIAMS CO,6.14,10.84,20.56,6.93,44.47,38.65,50.29,5.82,Normal,Low Risk
"ENSIGN GROUP, INC",13.0,17.9,9.09,4.46,44.45,39.23,49.67,5.22,Normal,Low Risk
EBAY INC,17.76,13.41,9.67,3.57,44.41,39.19,49.63,5.22,Normal,Low Risk
LINDE PLC,11.42,7.2,11.93,13.72,44.27,39.04,49.5,5.23,Normal,Low Risk
ADVANCED ENERGY INDUSTRIES INC,8.81,13.72,2.37,19.34,44.24,39.01,49.47,5.23,Normal,Low Risk
EXPAND ENERGY Corp,5.45,10.43,15.53,12.76,44.17,38.94,49.4,5.23,Normal,Low Risk
SYNOPSYS INC,7.27,5.28,9.6,21.91,44.06,38.82,49.3,5.24,Normal,Low Risk
Ingersoll Rand Inc.,8.2,5.66,9.16,21.02,44.04,38.8,49.28,5.24,Normal,Low Risk
"ZILLOW GROUP, INC.",1.78,22.02,1.27,18.79,43.86,38.61,49.11,5.25,Normal,Low Risk
"Leidos Holdings, Inc.",14.57,16.26,10.6,2.43,43.86,38.61,49.11,5.25,Normal,Low Risk
CLEAN HARBORS INC,5.32,11.63,13.07,13.79,43.81,38.56,49.06,5.25,Normal,Low Risk
OMNICOM GROUP INC.,2.5,22.91,2.91,15.43,43.75,37.9,49.6,5.85,Normal,Low Risk
GLOBAL PAYMENTS INC,11.8,3.22,5.76,22.94,43.72,38.47,48.97,5.25,Normal,Low Risk
CONOCOPHILLIPS,9.16,11.45,11.66,11.45,43.72,38.47,48.97,5.25,Normal,Low Risk
MODINE MANUFACTURING CO,10.56,11.59,14.75,6.82,43.72,38.47,48.97,5.25,Normal,Low Risk
TELEDYNE TECHNOLOGIES INC,5.01,1.13,14.33,23.22,43.69,38.44,48.94,5.25,Normal,Low Risk
SHOPIFY INC.,14.33,14.3,8.92,6.07,43.62,37.76,49.48,5.86,Normal,Low Risk
TechnipFMC plc,15.33,15.16,9.19,3.88,43.56,38.3,48.82,5.26,Normal,Low Risk
TE Connectivity plc,9.71,14.27,12.48,7.06,43.52,38.26,48.78,5.26,Normal,Low Risk
"Trade Desk, Inc.",13.24,10.36,8.23,11.69,43.52,38.26,48.78,5.26,Normal,Low Risk
MICROSOFT CORP,8.26,1.3,11.8,22.02,43.38,38.12,48.64,5.26,Normal,Low Risk
MOODYS CORP /DE/,17.66,1.78,7.48,16.46,43.38,38.12,48.64,5.26,Normal,Low Risk
"Salesforce, Inc.",9.19,1.06,10.01,22.91,43.17,37.9,48.44,5.27,Normal,Low Risk
Amrize Ltd,8.61,14.78,8.37,11.35,43.11,37.83,48.39,5.28,Normal,Low Risk
MARRIOTT INTERNATIONAL INC /MD/,5.42,15.02,18.45,4.18,43.07,37.19,48.95,5.88,Normal,Low Risk
Zoetis Inc.,19.14,4.49,10.7,8.74,43.07,37.79,48.35,5.28,Normal,Low Risk
BOSTON SCIENTIFIC CORP,3.33,14.13,7.34,18.24,43.04,36.56,49.52,6.48,Normal,Low Risk
KIMBERLY CLARK CORP,11.73,12.72,14.37,4.08,42.9,37.02,48.78,5.88,Normal,Low Risk
CIENA CORP,11.15,21.36,4.84,5.49,42.84,37.55,48.13,5.29,Normal,Low Risk
DEXCOM INC,12.14,0.12,6.17,24.38,42.81,37.52,48.1,5.29,ANOMALY,Low Risk
nVent Electric plc,8.68,8.47,16.02,9.5,42.67,37.38,47.96,5.29,Normal,Low Risk
Sandisk Corp,4.56,24.25,4.25,9.53,42.59,37.29,47.89,5.3,Normal,Low Risk
"Verisk Analytics, Inc.",22.84,4.08,4.53,11.01,42.46,37.16,47.76,5.3,Normal,Low Risk
STRYKER CORP,11.01,12.07,9.05,10.25,42.38,37.08,47.68,5.3,Normal,Low Risk
"Okta, Inc.",4.42,16.74,5.32,15.81,42.29,36.98,47.6,5.31,Normal,Low Risk
Allegion plc,13.58,5.18,11.49,11.87,42.12,36.8,47.44,5.32,Normal,Low Risk
Hewlett Packard Enterprise Co,2.85,22.74,4.18,12.24,42.01,36.69,47.33,5.32,Normal,Low Risk
TARGET CORP,2.06,19.0,18.26,2.64,41.96,35.44,48.48,6.52,Normal,Low Risk
DECKERS OUTDOOR CORP,24.88,7.68,7.61,1.78,41.95,36.03,47.87,5.92,ANOMALY,Low Risk
STEEL DYNAMICS INC,8.71,18.86,12.31,1.92,41.8,36.47,47.13,5.33,Normal,Low Risk
LATTICE SEMICONDUCTOR CORP,1.89,22.82,1.82,15.19,41.72,36.39,47.05,5.33,Normal,Low Risk
ROLLINS INC,12.0,5.62,16.7,7.13,41.45,36.11,46.79,5.34,Normal,Low Risk
"Qnity Electronics, Inc.",9.29,7.03,10.08,14.95,41.35,35.4,47.3,5.95,Normal,Low Risk
PTC INC.,7.58,5.14,15.4,13.17,41.29,35.94,46.64,5.35,Normal,Low Risk
GARMIN LTD,20.78,6.0,6.65,7.85,41.28,35.33,47.23,5.95,Normal,Low Risk
CDW Corp,6.31,14.99,12.14,7.75,41.19,35.84,46.54,5.35,Normal,Low Risk
NEWS CORP,13.85,10.97,6.34,9.98,41.14,35.19,47.09,5.95,Normal,Low Risk
Johnson Controls International plc,3.4,3.46,17.63,16.56,41.05,35.69,46.41,5.36,Normal,Low Risk
HF Sinclair Corp,8.09,21.67,10.15,1.1,41.01,35.65,46.37,5.36,Normal,Low Risk
DOLLAR GENERAL CORP,4.94,21.19,12.6,2.23,40.96,35.0,46.92,5.96,Normal,Low Risk
CARVANA CO.,15.95,17.56,6.14,1.27,40.92,35.56,46.28,5.36,Normal,Low Risk
COSTCO WHOLESALE CORP /NEW,14.3,20.85,5.59,0.12,40.86,35.49,46.23,5.37,ANOMALY,Low Risk
CONSOLIDATED EDISON INC,1.51,13.1,8.44,17.66,40.71,34.74,46.68,5.97,Normal,Low Risk
"KRATOS DEFENSE & SECURITY SOLUTIONS, INC.",2.88,21.26,0.86,15.71,40.71,35.34,46.08,5.37,Normal,Low Risk
"RELIANCE, INC.",4.97,19.1,14.88,1.61,40.56,35.18,45.94,5.38,Normal,Low Risk
INTEL CORP,0.15,22.94,0.48,16.87,40.44,34.46,46.42,5.98,ANOMALY,Low Risk
ROYAL GOLD INC,3.77,2.3,12.55,21.78,40.4,35.02,45.78,5.38,Normal,Low Risk
ESTEE LAUDER COMPANIES INC,8.02,19.34,6.45,6.55,40.36,34.97,45.75,5.39,Normal,Low Risk
APPLIED INDUSTRIAL TECHNOLOGIES INC,7.48,0.12,7.78,24.85,40.23,34.84,45.62,5.39,ANOMALY,Low Risk
"Block, Inc.",8.06,18.83,4.46,8.78,40.13,34.74,45.52,5.39,Normal,Low Risk
"Fortinet, Inc.",21.26,4.84,5.97,7.92,39.99,34.59,45.39,5.4,Normal,Low Risk
HUBSPOT INC,8.95,3.05,3.5,24.31,39.81,34.4,45.22,5.41,Normal,Low Risk
HUBBELL INC,10.97,10.25,11.73,6.79,39.74,34.33,45.15,5.41,Normal,Low Risk
SUN COMMUNITIES INC,7.3,1.65,11.76,19.0,39.71,34.3,45.12,5.41,Normal,Low Risk
"ServiceNow, Inc.",10.05,0.99,5.69,22.98,39.71,34.3,45.12,5.41,Normal,Low Risk
BROWN FORMAN CORP,10.15,6.41,11.9,11.15,39.61,34.19,45.03,5.42,Normal,Low Risk
"Yum China Holdings, Inc.",7.89,16.7,11.83,3.19,39.61,34.19,45.03,5.42,Normal,Low Risk
SOUTHWEST AIRLINES CO,5.14,6.38,4.97,23.11,39.6,33.58,45.62,6.02,Normal,Low Risk
"Tesla, Inc.",6.86,19.99,5.52,7.1,39.47,34.05,44.89,5.42,Normal,Low Risk
BIOGEN INC.,6.45,11.81,6.1,15.05,39.41,33.99,44.83,5.42,Normal,Low Risk
LINCOLN ELECTRIC HOLDINGS INC,13.92,11.32,10.29,3.74,39.27,33.84,44.7,5.43,Normal,Low Risk
"AMKOR TECHNOLOGY, INC.",8.3,15.57,4.42,10.94,39.23,33.8,44.66,5.43,Normal,Low Risk
Allison Transmission Holdings Inc,16.36,7.06,4.73,11.04,39.19,33.76,44.62,5.43,Normal,Low Risk
"EMCOR Group, Inc.",13.55,17.15,7.75,0.69,39.14,33.71,44.57,5.43,Normal,Low Risk
"Motorola Solutions, Inc.",9.47,3.4,10.91,15.26,39.04,33.0,45.08,6.04,Normal,Low Risk
SYSCO CORP,5.76,21.54,11.61,0.12,39.03,32.99,45.07,6.04,ANOMALY,Low Risk
"Corteva, Inc.",3.5,18.31,3.64,13.41,38.86,32.81,44.91,6.05,Normal,Low Risk
NUCOR CORP,6.21,17.52,8.4,6.69,38.82,33.37,44.27,5.45,Normal,Low Risk
VISA INC.,14.2,0.93,5.9,17.76,38.79,33.34,44.24,5.45,Normal,Low Risk
Energy Transfer LP,0.51,18.96,10.22,8.85,38.54,32.48,44.6,6.06,Normal,Low Risk
"TYSON FOODS, INC.",3.94,22.5,10.56,1.37,38.37,32.3,44.44,6.07,Normal,Low Risk
Archer-Daniels-Midland Co,2.64,22.29,11.97,1.3,38.2,32.13,44.27,6.07,Normal,Low Risk
"DoorDash, Inc.",9.6,17.73,3.94,6.86,38.13,32.66,43.6,5.47,Normal,Low Risk
AMETEK INC/,5.35,7.34,13.51,11.9,38.1,32.62,43.58,5.48,Normal,Low Risk
IREN Ltd,6.52,8.69,3.34,19.55,38.1,32.62,43.58,5.48,Normal,Low Risk
Bunge Global SA,3.22,22.36,11.2,1.17,37.95,31.87,44.03,6.08,Normal,Low Risk
Trane Technologies plc,13.27,7.54,10.12,7.0,37.93,32.45,43.41,5.48,Normal,Low Risk
QUALCOMM INC/DE,12.41,12.52,7.96,4.97,37.86,32.37,43.35,5.49,Normal,Low Risk
"Coinbase Global, Inc.",10.01,8.95,1.85,17.01,37.82,32.33,43.31,5.49,Normal,Low Risk
UL Solutions Inc.,11.87,14.06,8.3,3.43,37.66,32.17,43.15,5.49,Normal,Low Risk
DONALDSON Co INC,10.29,11.87,11.28,4.15,37.59,32.09,43.09,5.5,Normal,Low Risk
"CORPAY, INC.",5.97,5.8,6.24,19.51,37.52,31.42,43.62,6.1,Normal,Low Risk
JOHNSON & JOHNSON,12.89,4.32,8.68,11.59,37.48,31.98,42.98,5.5,Normal,Low Risk
IDEX CORP /DE/,7.51,11.21,7.66,10.91,37.29,31.78,42.8,5.51,Normal,Low Risk
"STERLING INFRASTRUCTURE, INC.",12.55,3.91,6.31,14.33,37.1,31.58,42.62,5.52,Normal,Low Risk
RALPH LAUREN CORP,14.61,14.54,4.08,3.67,36.9,31.38,42.42,5.52,Normal,Low Risk
ENTERGY CORP /DE/,1.65,8.54,7.53,19.17,36.89,30.77,43.01,6.12,Normal,Low Risk
SPDR GOLD TRUST,0.15,0.12,13.17,23.25,36.69,31.16,42.22,5.53,ANOMALY,Low Risk
JACK HENRY & ASSOCIATES INC,4.77,3.98,16.94,10.73,36.42,30.88,41.96,5.54,Normal,Low Risk
Xylem Inc.,5.21,14.33,6.41,10.46,36.41,30.87,41.95,5.54,Normal,Low Risk
Howmet Aerospace Inc.,10.63,8.44,10.77,6.41,36.25,30.7,41.8,5.55,Normal,Low Risk
COMFORT SYSTEMS USA INC,14.23,13.58,6.62,1.75,36.18,30.63,41.73,5.55,Normal,Low Risk
"Meta Platforms, Inc.",7.06,0.69,6.69,21.57,36.01,30.45,41.57,5.56,Normal,Low Risk
"Woodward, Inc.",8.23,12.69,9.02,5.86,35.8,30.23,41.37,5.57,Normal,Low Risk
"Super Micro Computer, Inc.",11.66,2.4,2.33,19.27,35.66,30.09,41.23,5.57,Normal,Low Risk
"Keysight Technologies, Inc.",9.33,9.81,4.94,11.52,35.6,30.02,41.18,5.58,Normal,Low Risk
"Ulta Beauty, Inc.",12.83,14.37,7.72,0.65,35.57,29.99,41.15,5.58,Normal,Low Risk
INTUIT INC.,8.98,7.1,8.78,10.63,35.49,29.91,41.07,5.58,Normal,Low Risk
"Airbnb, Inc.",14.54,7.13,3.77,9.91,35.35,29.76,40.94,5.59,Normal,Low Risk
CARNIVAL CORP,2.78,10.7,7.53,14.3,35.31,29.12,41.5,6.19,Normal,Low Risk
"MongoDB, Inc.",3.29,23.39,0.65,7.96,35.29,29.7,40.88,5.59,Normal,Low Risk
DOW INC.,2.26,21.47,4.15,7.37,35.25,28.46,42.04,6.79,Normal,Low Risk
BeOne Medicines Ltd.,9.05,0.65,0.89,24.52,35.11,29.51,40.71,5.6,ANOMALY,Low Risk
ENTERPRISE PRODUCTS PARTNERS L.P.,1.27,13.82,12.35,7.65,35.09,28.89,41.29,6.2,Normal,Low Risk
"Medpace Holdings, Inc.",18.69,8.78,5.18,2.37,35.02,29.42,40.62,5.6,Normal,Low Risk
WESTERN DIGITAL CORP,13.48,7.44,6.48,7.44,34.84,29.23,40.45,5.61,Normal,Low Risk
EMERSON ELECTRIC CO,3.53,15.43,6.52,9.33,34.81,28.6,41.02,6.21,Normal,Low Risk
"BROWN & BROWN, INC.",1.58,8.74,5.83,18.62,34.77,29.16,40.38,5.61,Normal,Low Risk
"ROSS STORES, INC.",14.64,15.09,3.29,1.68,34.7,28.49,40.91,6.21,Normal,Low Risk
KLA CORP,16.94,3.43,8.13,6.17,34.67,29.06,40.28,5.61,Normal,Low Risk
LAM RESEARCH CORP,11.25,0.48,2.95,19.99,34.67,29.06,40.28,5.61,ANOMALY,Low Risk
INSULET CORP,10.84,15.53,3.09,5.18,34.64,29.03,40.25,5.61,Normal,Low Risk
"ADVANCED DRAINAGE SYSTEMS, INC.",11.83,9.98,6.96,5.76,34.53,28.91,40.15,5.62,Normal,Low Risk
"Toll Brothers, Inc.",7.68,8.06,7.58,11.18,34.5,28.88,40.12,5.62,Normal,Low Risk
AMPHENOL CORP /DE/,14.44,8.3,3.53,8.23,34.5,28.88,40.12,5.62,Normal,Low Risk
"Expedia Group, Inc.",6.62,15.98,2.83,8.95,34.38,28.16,40.6,6.22,Normal,Low Risk
DEVON ENERGY CORP/DE,4.7,10.19,9.48,10.01,34.38,28.16,40.6,6.22,Normal,Low Risk
NEWMONT Corp /DE/,6.96,0.79,5.11,21.43,34.29,28.66,39.92,5.63,Normal,Low Risk
TEXAS INSTRUMENTS INC,10.87,4.39,8.33,10.6,34.19,28.56,39.82,5.63,Normal,Low Risk
"Live Nation Entertainment, Inc.",7.24,21.81,1.92,3.12,34.09,27.85,40.33,6.24,Normal,Low Risk
CARPENTER TECHNOLOGY CORP,8.74,8.92,7.66,8.54,33.86,28.21,39.51,5.65,Normal,Low Risk
Alphabet Inc.,4.84,9.67,8.61,10.67,33.79,28.14,39.44,5.65,Normal,Low Risk
LENNAR CORP /NEW/,5.86,18.52,5.42,3.77,33.57,27.91,39.23,5.66,Normal,Low Risk
"ROKU, INC",6.89,21.98,1.41,3.29,33.57,27.91,39.23,5.66,Normal,Low Risk
"AGILENT TECHNOLOGIES, INC.",9.09,4.22,5.56,14.68,33.55,27.89,39.21,5.66,Normal,Low Risk
AbbVie Inc.,0.58,17.66,3.02,12.11,33.37,27.1,39.64,6.27,Normal,Low Risk
ALIGN TECHNOLOGY INC,5.66,0.82,3.34,23.29,33.11,27.43,38.79,5.68,Normal,Low Risk
ANALOG DEVICES INC,2.95,2.88,6.07,21.06,32.96,26.68,39.24,6.28,Normal,Low Risk
TYLER TECHNOLOGIES INC,5.49,1.51,3.19,22.53,32.72,27.03,38.41,5.69,Normal,Low Risk
Evercore Inc.,12.17,10.29,3.74,6.52,32.72,27.03,38.41,5.69,Normal,Low Risk
ELECTRONIC ARTS INC.,9.36,10.46,3.84,8.92,32.58,26.88,38.28,5.7,Normal,Low Risk
NEUROCRINE BIOSCIENCES INC,4.66,0.12,3.26,24.42,32.46,26.76,38.16,5.7,ANOMALY,Low Risk
WATERS CORP /DE/,9.81,7.27,6.86,8.44,32.38,26.68,38.08,5.7,Normal,Low Risk
PACCAR INC,3.26,16.29,4.61,8.16,32.32,26.01,38.63,6.31,Normal,Low Risk
"SharkNinja, Inc.",9.91,13.96,5.62,2.81,32.3,26.59,38.01,5.71,Normal,Low Risk
"Moderna, Inc.",4.73,24.07,2.19,1.2,32.19,26.48,37.9,5.71,Normal,Low Risk
NXP Semiconductors N.V.,5.8,9.47,4.89,11.8,31.96,25.64,38.28,6.32,Normal,Low Risk
HECLA MINING CO/DE/,4.25,2.02,6.55,19.07,31.89,26.17,37.61,5.72,Normal,Low Risk
"Uber Technologies, Inc",11.49,7.75,7.24,5.25,31.73,26.0,37.46,5.73,Normal,Low Risk
MCDONALDS CORP,2.02,3.67,13.67,12.28,31.64,25.31,37.97,6.33,Normal,Low Risk
Brookfield Asset Management Ltd.,6.76,1.89,6.82,16.15,31.62,25.88,37.36,5.74,Normal,Low Risk
COPART INC,0.72,0.12,7.13,23.46,31.43,25.69,37.17,5.74,ANOMALY,Low Risk
SMITH A O CORP,7.17,10.8,10.36,2.67,31.0,25.24,36.76,5.76,Normal,Low Risk
"United Airlines Holdings, Inc.",1.44,15.91,2.5,11.11,30.96,24.6,37.32,6.36,Normal,Low Risk
GameStop Corp.,2.3,20.44,0.12,8.06,30.92,25.16,36.68,5.76,ANOMALY,Low Risk
SOUTHERN COPPER CORP/,8.13,3.19,3.98,15.57,30.87,24.5,37.24,6.37,Normal,Low Risk
IDEXX LABORATORIES INC /DE,10.67,5.59,12.28,2.33,30.87,25.1,36.64,5.77,Normal,Low Risk
"Cboe Global Markets, Inc.",8.4,1.99,3.16,17.04,30.59,24.81,36.37,5.78,Normal,Low Risk
VALERO ENERGY CORP/TX,2.33,4.18,3.4,20.51,30.42,24.04,36.8,6.38,Normal,Low Risk
"REGENERON PHARMACEUTICALS, INC.",3.6,1.37,5.04,20.27,30.28,24.49,36.07,5.79,Normal,Low Risk
GENERAL DYNAMICS CORP,2.4,16.6,6.58,4.63,30.21,23.82,36.6,6.39,Normal,Low Risk
"MARSH & MCLENNAN COMPANIES, INC.",2.19,10.05,5.73,11.93,29.9,23.5,36.3,6.4,Normal,Low Risk
WILLIAMS SONOMA INC,13.2,10.6,4.36,1.51,29.67,23.86,35.48,5.81,Normal,Low Risk
HP INC,3.57,19.58,4.32,2.13,29.6,23.18,36.02,6.42,Normal,Low Risk
PULTEGROUP INC/MI/,4.46,1.44,4.29,19.31,29.5,23.68,35.32,5.82,Normal,Low Risk
CARDINAL HEALTH INC,2.57,22.57,4.12,0.12,29.38,22.96,35.8,6.42,ANOMALY,Low Risk
MICRON TECHNOLOGY INC,5.56,4.53,5.01,14.23,29.33,23.5,35.16,5.83,Normal,Low Risk
HORTON D R INC /DE/,4.87,14.47,5.86,4.05,29.25,23.42,35.08,5.83,Normal,Low Risk
"OLD DOMINION FREIGHT LINE, INC.",3.19,12.35,12.21,1.41,29.16,23.33,34.99,5.83,Normal,Low Risk
BIOMARIN PHARMACEUTICAL INC,2.98,5.08,1.54,19.48,29.08,23.24,34.92,5.84,Normal,Low Risk
VERTEX PHARMACEUTICALS INC / MA,4.22,0.51,2.06,22.22,29.01,23.17,34.85,5.84,ANOMALY,Low Risk
ADVANCED MICRO DEVICES INC,1.34,12.55,2.74,12.35,28.98,22.54,35.42,6.44,Normal,Low Risk
"Guidewire Software, Inc.",8.88,0.6,2.98,16.5,28.96,22.52,35.4,6.44,Normal,Low Risk
"Marvell Technology, Inc.",6.0,3.53,5.14,14.2,28.87,23.02,34.72,5.85,Normal,Low Risk
Credo Technology Group Holding Ltd,1.06,13.37,0.34,14.09,28.86,23.01,34.71,5.85,ANOMALY,Low Risk
ADOBE INC.,13.65,3.94,5.45,5.59,28.63,22.78,34.48,5.85,Normal,Low Risk
Baker Hughes Co,3.64,15.5,1.95,7.51,28.6,22.14,35.06,6.46,Normal,Low Risk
ITT INC.,5.73,12.59,1.75,8.4,28.47,22.61,34.33,5.86,Normal,Low Risk
FEDEX CORP,0.99,18.35,2.78,6.28,28.4,21.94,34.86,6.46,Normal,Low Risk
"DELTA AIR LINES, INC.",1.23,2.26,3.88,20.95,28.32,21.85,34.79,6.47,Normal,Low Risk
AppLovin Corp,16.77,1.68,3.57,6.24,28.26,22.39,34.13,5.87,Normal,Low Risk
"HOULIHAN LOKEY, INC.",7.72,9.36,2.67,8.37,28.12,22.24,34.0,5.88,Normal,Low Risk
"Cencora, Inc.",1.41,22.67,3.81,0.12,28.01,21.53,34.49,6.48,ANOMALY,Low Risk
VERIZON COMMUNICATIONS INC,0.15,12.62,0.27,14.85,27.89,21.41,34.37,6.48,ANOMALY,Low Risk
"TERADYNE, INC",5.18,9.12,7.3,6.0,27.6,21.7,33.5,5.9,Normal,Low Risk
APPLIED MATERIALS INC /DE,7.96,2.13,3.91,13.48,27.48,21.58,33.38,5.9,Normal,Low Risk
COGNIZANT TECHNOLOGY SOLUTIONS CORP,4.29,14.44,5.08,3.53,27.34,21.43,33.25,5.91,Normal,Low Risk
LyondellBasell Industries N.V.,4.36,13.44,4.61,4.9,27.31,20.8,33.82,6.51,Normal,Low Risk
Fabrinet,4.8,15.19,4.56,2.74,27.29,21.38,33.2,5.91,Normal,Low Risk
NETFLIX INC,10.6,5.73,5.38,5.56,27.27,21.36,33.18,5.91,Normal,Low Risk
DANAHER CORP /DE/,0.93,8.61,0.12,17.15,26.81,20.88,32.74,5.93,ANOMALY,Low Risk
Edwards Lifesciences Corp,3.81,8.88,1.51,12.59,26.79,20.86,32.72,5.93,Normal,Low Risk
VEEVA SYSTEMS INC,3.09,1.54,1.99,20.13,26.75,20.82,32.68,5.93,Normal,Low Risk
Nextpower Inc.,9.64,9.16,3.46,4.42,26.68,20.75,32.61,5.93,Normal,Low Risk
EOG RESOURCES INC,2.71,6.31,4.7,12.65,26.37,19.82,32.92,6.55,Normal,Low Risk
"Arista Networks, Inc.",6.1,2.57,5.93,11.76,26.36,20.41,32.31,5.95,Normal,Low Risk
MCKESSON CORP,1.47,20.88,2.64,1.34,26.33,19.78,32.88,6.55,Normal,Low Risk
"Dynatrace, Inc.",6.17,4.46,2.3,13.31,26.24,20.29,32.19,5.95,Normal,Low Risk
"EXELIXIS, INC.",3.74,0.45,2.16,19.89,26.24,20.29,32.19,5.95,ANOMALY,Low Risk
Walt Disney Co,0.34,11.73,2.61,11.49,26.17,19.62,32.72,6.55,Normal,Low Risk
ONTO INNOVATION INC.,1.17,11.25,0.75,12.86,26.03,20.07,31.99,5.96,Normal,Low Risk
ERIE INDEMNITY CO,5.08,3.5,6.38,10.84,25.8,19.83,31.77,5.97,Normal,Low Risk
"NIKE, Inc.",4.01,17.49,1.71,2.5,25.71,19.14,32.28,6.57,Normal,Low Risk
"T-Mobile US, Inc.",0.15,4.97,1.61,18.96,25.69,19.72,31.66,5.97,Normal,Low Risk
MONOLITHIC POWER SYSTEMS INC,1.95,0.34,0.41,22.77,25.47,19.49,31.45,5.98,ANOMALY,Low Risk
Penumbra Inc,3.46,12.28,3.7,5.97,25.41,19.43,31.39,5.98,Normal,Low Risk
Oklo Inc.,0.79,23.03,1.44,0.12,25.38,17.6,33.16,7.78,ANOMALY,Low Risk
HONEYWELL INTERNATIONAL INC,1.54,12.04,0.72,10.97,25.27,18.68,31.86,6.59,Normal,Low Risk
UNITED PARCEL SERVICE INC,1.61,16.22,2.54,4.77,25.14,18.55,31.73,6.59,Normal,Low Risk
"Toast, Inc.",5.11,18.72,0.69,0.51,25.03,19.03,31.03,6.0,ANOMALY,Low Risk
Ubiquiti Inc.,11.45,4.73,8.02,0.79,24.99,18.99,30.99,6.0,Normal,Low Risk
lululemon athletica inc.,7.82,9.19,6.04,1.82,24.87,18.86,30.88,6.01,Normal,Low Risk
"DOCUSIGN, INC.",9.98,3.02,5.21,6.31,24.52,18.5,30.54,6.02,Normal,Low Risk
"FIRST SOLAR, INC.",4.49,4.15,2.02,13.68,24.34,18.31,30.37,6.03,Normal,Low Risk
THERMO FISHER SCIENTIFIC INC.,0.69,3.64,1.1,18.86,24.29,17.66,30.92,6.63,Normal,Low Risk
Tradeweb Markets Inc.,1.3,0.96,0.12,21.71,24.09,18.05,30.13,6.04,ANOMALY,Low Risk
AMAZON COM INC,0.15,9.67,0.12,14.01,23.95,17.31,30.59,6.64,ANOMALY,Low Risk
RESMED INC,4.18,2.23,3.05,14.4,23.86,17.81,29.91,6.05,Normal,Low Risk
ABBOTT LABORATORIES,1.03,10.53,1.37,10.56,23.49,16.83,30.15,6.66,Normal,Low Risk
PRICE T ROWE GROUP INC,2.09,1.1,0.51,19.72,23.42,17.36,29.48,6.06,ANOMALY,Low Risk
"PINTEREST, INC.",1.71,14.95,0.79,5.9,23.35,17.28,29.42,6.07,Normal,Low Risk
COMCAST CORP,0.15,9.5,1.17,12.48,23.3,16.63,29.97,6.67,Normal,Low Risk
Snap-on Inc,4.6,7.51,2.43,8.68,23.22,17.15,29.29,6.07,Normal,Low Risk
Maplebear Inc.,4.08,13.03,2.4,3.6,23.11,17.03,29.19,6.08,Normal,Low Risk
"F5, INC.",3.98,6.17,1.58,11.25,22.98,16.9,29.06,6.08,Normal,Low Risk
Grayscale Bitcoin Trust ETF,0.15,12.86,0.12,9.74,22.87,16.78,28.96,6.09,ANOMALY,Low Risk
WEST PHARMACEUTICAL SERVICES INC,3.88,9.26,2.13,7.58,22.85,16.76,28.94,6.09,Normal,Low Risk
ORACLE CORP,0.41,6.52,0.93,14.88,22.74,16.05,29.43,6.69,Normal,Low Risk
AMGEN INC,0.96,3.84,1.23,16.19,22.22,15.51,28.93,6.71,Normal,Low Risk
GLOBUS MEDICAL INC,1.75,8.4,2.09,9.84,22.08,15.96,28.2,6.12,Normal,Low Risk
Walmart Inc.,0.15,17.32,0.96,3.36,21.79,15.06,28.52,6.73,ANOMALY,Low Risk
TJX COMPANIES INC /DE/,4.63,9.4,2.88,4.66,21.57,14.83,28.31,6.74,Normal,Low Risk
LOGITECH INTERNATIONAL S.A.,6.82,11.28,1.03,2.26,21.39,15.25,27.53,6.14,ANOMALY,Low Risk
"GILEAD SCIENCES, INC.",2.13,3.29,2.83,13.0,21.25,14.5,28.0,6.75,Normal,Low Risk
"Zoom Communications, Inc.",2.61,2.54,2.71,13.37,21.23,15.08,27.38,6.15,Normal,Low Risk
UNITED THERAPEUTICS Corp,0.89,1.03,0.31,18.93,21.16,15.01,27.31,6.15,ANOMALY,Low Risk
RAMBUS INC,1.11,1.75,1.06,16.77,20.69,14.52,26.86,6.17,Normal,Low Risk
NVIDIA CORP,3.7,6.1,7.2,3.46,20.46,14.28,26.64,6.18,Normal,Low Risk
Accenture plc,1.85,13.89,0.82,3.33,19.89,13.09,26.69,6.8,Normal,Low Risk
NVR INC,5.38,11.97,0.55,0.75,18.65,12.4,24.9,6.25,ANOMALY,Low Risk
COCA COLA CO,0.75,4.77,0.99,12.07,18.58,11.72,25.44,6.86,Normal,Low Risk
INCYTE CORP,3.91,2.67,0.38,11.32,18.28,12.01,24.55,6.27,ANOMALY,Low Risk
INTUITIVE SURGICAL INC,1.37,4.36,0.62,11.21,17.56,11.26,23.86,6.3,Normal,Low Risk
"Astera Labs, Inc.",1.11,5.38,1.2,9.77,17.46,11.16,23.76,6.3,Normal,Low Risk
"Merck & Co., Inc.",0.55,4.56,0.45,11.56,17.12,10.2,24.04,6.92,ANOMALY,Low Risk
Palantir Technologies Inc.,1.99,2.95,1.13,10.8,16.87,10.54,23.2,6.33,Normal,Low Risk
ELI LILLY & Co,0.62,3.7,1.78,9.36,15.46,8.48,22.44,6.98,Normal,Low Risk
Texas Pacific Land Corp,0.86,1.71,1.47,11.08,15.12,8.72,21.52,6.4,Normal,Low Risk
"Reddit, Inc.",0.82,5.76,0.12,7.48,14.18,7.75,20.61,6.43,ANOMALY,Low Risk
MUELLER INDUSTRIES INC,1.68,8.37,0.12,3.02,13.19,6.72,19.66,6.47,ANOMALY,Low Risk
SEI INVESTMENTS CO,2.16,3.74,1.3,5.14,12.34,5.83,18.85,6.51,Normal,Low Risk
